Date,USD
2002/4/1,133.15
2002/4/2,133.2
2002/4/3,133.2
2002/4/4,133.1
2002/4/5,132.3
2002/4/8,131.55
2002/4/9,131.55
2002/4/10,130.7
2002/4/11,131.1
2002/4/12,131.55
2002/4/15,132.2
2002/4/16,131.85
2002/4/17,130.95
2002/4/18,130.6
2002/4/19,130.1
2002/4/22,130.3
2002/4/23,129.9
2002/4/24,130.25
2002/4/25,129.45
2002/4/26,128.75
2002/4/30,128.35
2002/5/1,128.6
2002/5/2,127.45
2002/5/7,127
2002/5/8,128.2
2002/5/9,128.9
2002/5/10,128.65
2002/5/13,127.3
2002/5/14,127.9
2002/5/15,128.45
2002/5/16,127.8
2002/5/17,127.75
2002/5/20,125.9
2002/5/21,125.9
2002/5/22,123.9
2002/5/23,124.4
2002/5/24,125
2002/5/27,124.85
2002/5/28,124.85
2002/5/29,124.7
2002/5/30,124.25
2002/5/31,123.45
2002/6/3,124.45
2002/6/4,123.65
2002/6/5,124.1
2002/6/6,124.25
2002/6/7,124.2
2002/6/10,124.55
2002/6/11,124.75
2002/6/12,125.45
2002/6/13,125.65
2002/6/14,124.95
2002/6/17,124.2
2002/6/18,124.35
2002/6/19,124.35
2002/6/20,124.25
2002/6/21,123.45
2002/6/24,121.65
2002/6/25,121.6
2002/6/26,121.2
2002/6/27,120.15
2002/6/28,119.45
2002/7/1,119.8
2002/7/2,119.8
2002/7/3,120.15
2002/7/4,119.95
2002/7/5,120.45
2002/7/8,119.4
2002/7/9,118.9
2002/7/10,118.2
2002/7/11,117.65
2002/7/12,117.25
2002/7/15,116.5
2002/7/16,116.35
2002/7/17,116
2002/7/18,116.55
2002/7/19,116.4
2002/7/22,116.15
2002/7/23,116.6
2002/7/24,117.5
2002/7/25,116.55
2002/7/26,116.7
2002/7/29,118.65
2002/7/30,119.65
2002/7/31,120.05
2002/8/1,119.95
2002/8/2,119
2002/8/5,118.95
2002/8/6,119.7
2002/8/7,121
2002/8/8,120.15
2002/8/9,121.2
2002/8/12,119.85
2002/8/13,118.9
2002/8/14,118.25
2002/8/15,117.4
2002/8/16,117.5
2002/8/19,117.55
2002/8/20,118.6
2002/8/21,118.5
2002/8/22,119.1
2002/8/23,119.9
2002/8/26,119.5
2002/8/27,119.7
2002/8/28,118.3
2002/8/29,118.9
2002/8/30,117.95
2002/9/2,118.7
2002/9/3,118.15
2002/9/4,117.25
2002/9/5,118.15
2002/9/6,118.6
2002/9/9,118.7
2002/9/10,118.85
2002/9/11,119.8
2002/9/12,120.35
2002/9/13,119.8
2002/9/17,122.4
2002/9/18,122.1
2002/9/19,121.9
2002/9/20,121.85
2002/9/24,123.7
2002/9/25,123.15
2002/9/26,122.6
2002/9/27,122.4
2002/9/30,122.6
2002/10/1,122.15
2002/10/2,122.85
2002/10/3,122.95
2002/10/4,122.6
2002/10/7,123.2
2002/10/8,124.25
2002/10/9,123.95
2002/10/10,123.3
2002/10/11,123.6
2002/10/15,124.55
2002/10/16,124.9
2002/10/17,124.75
2002/10/18,125.25
2002/10/21,125.45
2002/10/22,125
2002/10/23,125.05
2002/10/24,124.5
2002/10/25,124.4
2002/10/28,124.5
2002/10/29,123.6
2002/10/30,122.9
2002/10/31,123.2
2002/11/1,122.7
2002/11/5,122.05
2002/11/6,122.2
2002/11/7,121.7
2002/11/8,121.35
2002/11/11,119.95
2002/11/12,119.7
2002/11/13,119.85
2002/11/14,120.25
2002/11/15,120.7
2002/11/18,120.45
2002/11/19,120.9
2002/11/20,122.4
2002/11/21,122.65
2002/11/22,122.85
2002/11/25,123.2
2002/11/26,121.95
2002/11/27,121.7
2002/11/28,122.35
2002/11/29,122.4
2002/12/2,122.85
2002/12/3,124.45
2002/12/4,124.25
2002/12/5,124.65
2002/12/6,125.1
2002/12/9,123.3
2002/12/10,123.4
2002/12/11,123.95
2002/12/12,123.6
2002/12/13,122.5
2002/12/16,120.6
2002/12/17,121.35
2002/12/18,121.35
2002/12/19,121.05
2002/12/20,120.8
2002/12/24,120.35
2002/12/25,120.35
2002/12/26,120.35
2002/12/27,120.2
2002/12/30,119.95
2003/1/6,119.85
2003/1/7,119.4
2003/1/8,120.25
2003/1/9,118.9
2003/1/10,119.65
2003/1/14,118.95
2003/1/15,118.1
2003/1/16,118.25
2003/1/17,118
2003/1/20,118.05
2003/1/21,118.5
2003/1/22,118.2
2003/1/23,118.6
2003/1/24,118.05
2003/1/27,117.9
2003/1/28,118.5
2003/1/29,118.6
2003/1/30,118.7
2003/1/31,119.05
2003/2/3,119.95
2003/2/4,120.35
2003/2/5,119.75
2003/2/6,120.2
2003/2/7,119.75
2003/2/10,120.45
2003/2/12,121.1
2003/2/13,121.25
2003/2/14,120.45
2003/2/17,120.75
2003/2/18,119.85
2003/2/19,119
2003/2/20,118.9
2003/2/21,118.45
2003/2/24,118.5
2003/2/25,118.15
2003/2/26,117.45
2003/2/27,117.1
2003/2/28,117.75
2003/3/3,118.2
2003/3/4,117.55
2003/3/5,117.4
2003/3/6,117.4
2003/3/7,117.5
2003/3/10,116.9
2003/3/11,117
2003/3/12,117.15
2003/3/13,117.9
2003/3/14,118.4
2003/3/17,117.95
2003/3/18,118.6
2003/3/19,118.7
2003/3/20,120.4
2003/3/24,121.25
2003/3/25,120.65
2003/3/26,120
2003/3/27,119.95
2003/3/28,120.1
2003/3/31,120.2
2003/4/1,118.25
2003/4/2,117.9
2003/4/3,119
2003/4/4,119.35
2003/4/7,120.5
2003/4/8,119.9
2003/4/9,120.05
2003/4/10,120.1
2003/4/11,119.7
2003/4/14,120.85
2003/4/15,120.45
2003/4/16,120.4
2003/4/17,119.6
2003/4/18,119.75
2003/4/21,119.7
2003/4/22,120.65
2003/4/23,120.15
2003/4/24,120.5
2003/4/25,120.15
2003/4/28,120
2003/4/30,119.65
2003/5/1,119
2003/5/2,118.65
2003/5/6,118.55
2003/5/7,117.65
2003/5/8,116.6
2003/5/9,117.25
2003/5/12,117
2003/5/13,117.4
2003/5/14,116.8
2003/5/15,116.3
2003/5/16,116.5
2003/5/19,115.6
2003/5/20,117.05
2003/5/21,116.7
2003/5/22,117.5
2003/5/23,117.4
2003/5/26,116.85
2003/5/27,116.65
2003/5/28,117.25
2003/5/29,118.5
2003/5/30,118.3
2003/6/2,119.25
2003/6/3,118.5
2003/6/4,119.3
2003/6/5,118.6
2003/6/6,117.8
2003/6/9,118.5
2003/6/10,118.2
2003/6/11,117.8
2003/6/12,117.9
2003/6/13,117.75
2003/6/16,117.3
2003/6/17,117.55
2003/6/18,118.2
2003/6/19,118.25
2003/6/20,118.5
2003/6/23,118.5
2003/6/24,117.7
2003/6/25,117.95
2003/6/26,118.2
2003/6/27,119.35
2003/6/30,119.75
2003/7/1,119.45
2003/7/2,119.5
2003/7/3,118.3
2003/7/4,118.35
2003/7/7,118.2
2003/7/8,118.2
2003/7/9,118.45
2003/7/10,117.9
2003/7/11,117.8
2003/7/14,117.75
2003/7/15,117.75
2003/7/16,118.4
2003/7/17,118.2
2003/7/18,118.95
2003/7/22,118.9
2003/7/23,118.95
2003/7/24,118.9
2003/7/25,119.3
2003/7/28,119.05
2003/7/29,119.5
2003/7/30,119.95
2003/7/31,120.25
2003/8/1,120.55
2003/8/4,119.85
2003/8/5,120.45
2003/8/6,120.1
2003/8/7,120.15
2003/8/8,119.25
2003/8/11,119.1
2003/8/12,118.7
2003/8/13,118.65
2003/8/14,119.35
2003/8/15,118.85
2003/8/18,119.25
2003/8/19,119.4
2003/8/20,118.7
2003/8/21,118.1
2003/8/22,117.9
2003/8/25,117.65
2003/8/26,117.4
2003/8/27,117.45
2003/8/28,117.5
2003/8/29,117.15
2003/9/1,116.6
2003/9/2,116.8
2003/9/3,116.45
2003/9/4,115.95
2003/9/5,116.95
2003/9/8,117.35
2003/9/9,116.7
2003/9/10,116.95
2003/9/11,117.1
2003/9/12,117.2
2003/9/16,117.3
2003/9/17,116.25
2003/9/18,116.15
2003/9/19,115.45
2003/9/22,112.5
2003/9/24,112.25
2003/9/25,111.8
2003/9/26,112.05
2003/9/29,111.6
2003/9/30,111.25
2003/10/1,111.35
2003/10/2,110.95
2003/10/3,110.95
2003/10/6,111.15
2003/10/7,111.15
2003/10/8,109.7
2003/10/9,109.6
2003/10/10,109.3
2003/10/14,109.1
2003/10/15,108.9
2003/10/16,109.65
2003/10/17,109.8
2003/10/20,109.2
2003/10/21,109.9
2003/10/22,109.55
2003/10/23,109.05
2003/10/24,109.65
2003/10/27,108.95
2003/10/28,108.4
2003/10/29,108.15
2003/10/30,108.35
2003/10/31,108.8
2003/11/4,110.6
2003/11/5,109.8
2003/11/6,110
2003/11/7,110.2
2003/11/10,109.6
2003/11/11,108.85
2003/11/12,108.85
2003/11/13,108.6
2003/11/14,108.2
2003/11/17,108.7
2003/11/18,108.9
2003/11/19,108.15
2003/11/20,109.1
2003/11/21,109.25
2003/11/25,109.5
2003/11/26,109.45
2003/11/27,108.95
2003/11/28,109.45
2003/12/1,110
2003/12/2,109.35
2003/12/3,108.8
2003/12/4,108.15
2003/12/5,108.35
2003/12/8,107.65
2003/12/9,107.4
2003/12/10,107.25
2003/12/11,108.35
2003/12/12,108.1
2003/12/15,108.05
2003/12/16,107.85
2003/12/17,107.45
2003/12/18,107.45
2003/12/19,107.7
2003/12/22,107.95
2003/12/24,107.5
2003/12/25,107.2
2003/12/26,107.35
2003/12/29,107.35
2003/12/30,107.15
2004/1/5,106.95
2004/1/6,106.15
2004/1/7,106.25
2004/1/8,106.2
2004/1/9,106.24
2004/1/13,106.59
2004/1/14,106.3
2004/1/15,106.37
2004/1/16,106.24
2004/1/19,106.49
2004/1/20,107.34
2004/1/21,107.19
2004/1/22,106.89
2004/1/23,106.3
2004/1/26,106.46
2004/1/27,106.16
2004/1/28,105.7
2004/1/29,106.15
2004/1/30,106.08
2004/2/2,105.68
2004/2/3,105.59
2004/2/4,105.57
2004/2/5,105.61
2004/2/6,105.78
2004/2/9,105.73
2004/2/10,105.88
2004/2/12,105.35
2004/2/13,105.41
2004/2/16,105.49
2004/2/17,105.5
2004/2/18,105.68
2004/2/19,106.47
2004/2/20,107.17
2004/2/23,109.3
2004/2/24,108.5
2004/2/25,108.22
2004/2/26,109.08
2004/2/27,109.57
2004/3/1,109.28
2004/3/2,108.98
2004/3/3,110.18
2004/3/4,110.17
2004/3/5,111.36
2004/3/8,112.11
2004/3/9,111.33
2004/3/10,111.3
2004/3/11,110.91
2004/3/12,110.92
2004/3/15,110.87
2004/3/16,110.25
2004/3/17,108.82
2004/3/18,108.13
2004/3/19,106.83
2004/3/22,107.21
2004/3/23,106.8
2004/3/24,106.97
2004/3/25,106.08
2004/3/26,105.89
2004/3/29,105.65
2004/3/30,105.55
2004/3/31,105.63
2004/4/1,104.07
2004/4/2,103.95
2004/4/5,104.46
2004/4/6,105.63
2004/4/7,106
2004/4/8,105.63
2004/4/9,106.58
2004/4/12,106.42
2004/4/13,105.25
2004/4/14,106.86
2004/4/15,108.7
2004/4/16,108.66
2004/4/19,107.94
2004/4/20,108.8
2004/4/21,108.81
2004/4/22,109.42
2004/4/23,109.7
2004/4/26,109.3
2004/4/27,108.72
2004/4/28,109.54
2004/4/30,110.35
2004/5/6,108.82
2004/5/7,110.21
2004/5/10,112.76
2004/5/11,113.49
2004/5/12,112.78
2004/5/13,113.16
2004/5/14,114.5
2004/5/17,113.99
2004/5/18,114.31
2004/5/19,114.04
2004/5/20,113.1
2004/5/21,112.78
2004/5/24,112.3
2004/5/25,113.06
2004/5/26,111.77
2004/5/27,112.1
2004/5/28,110.8
2004/5/31,110.05
2004/6/1,109.89
2004/6/2,110.63
2004/6/3,109.95
2004/6/4,111.11
2004/6/7,110.77
2004/6/8,109.65
2004/6/9,109.74
2004/6/10,110.31
2004/6/11,109.45
2004/6/14,110.25
2004/6/15,111.1
2004/6/16,109.39
2004/6/17,110.24
2004/6/18,109.72
2004/6/21,108.91
2004/6/22,108.65
2004/6/23,108.93
2004/6/24,108.3
2004/6/25,107.17
2004/6/28,107.59
2004/6/29,108.35
2004/6/30,108.43
2004/7/1,108.31
2004/7/2,108.8
2004/7/5,108.55
2004/7/6,109.33
2004/7/7,109.22
2004/7/8,108.62
2004/7/9,108.71
2004/7/12,107.79
2004/7/13,108.74
2004/7/14,108.83
2004/7/15,109.39
2004/7/16,109.83
2004/7/20,108.53
2004/7/21,108.51
2004/7/22,109.81
2004/7/23,109.85
2004/7/26,109.95
2004/7/27,109.85
2004/7/28,111.02
2004/7/29,111.69
2004/7/30,112.1
2004/8/2,111.31
2004/8/3,110.61
2004/8/4,110.65
2004/8/5,111.24
2004/8/6,111.82
2004/8/9,110.33
2004/8/10,110.7
2004/8/11,111.24
2004/8/12,110.65
2004/8/13,111.7
2004/8/16,110.64
2004/8/17,110.55
2004/8/18,110
2004/8/19,109.46
2004/8/20,109.46
2004/8/23,109.41
2004/8/24,109.9
2004/8/25,109.59
2004/8/26,110.07
2004/8/27,109.69
2004/8/30,109.88
2004/8/31,109.89
2004/9/1,109.15
2004/9/2,109.58
2004/9/3,109.62
2004/9/6,110.55
2004/9/7,110.12
2004/9/8,109.46
2004/9/9,109.36
2004/9/10,110.02
2004/9/13,109.49
2004/9/14,110.11
2004/9/15,109.67
2004/9/16,110
2004/9/17,109.54
2004/9/21,110.02
2004/9/22,109.85
2004/9/24,110.61
2004/9/27,110.63
2004/9/28,111.21
2004/9/29,111.4
2004/9/30,111.05
2004/10/1,110.13
2004/10/4,110.9
2004/10/5,110.9
2004/10/6,111.21
2004/10/7,111.37
2004/10/8,111.26
2004/10/12,109.69
2004/10/13,109.6
2004/10/14,109.83
2004/10/15,109.67
2004/10/18,109.28
2004/10/19,109.44
2004/10/20,108.54
2004/10/21,108.27
2004/10/22,107.65
2004/10/25,106.95
2004/10/26,106.8
2004/10/27,106.79
2004/10/28,106.7
2004/10/29,106.18
2004/11/1,106.02
2004/11/2,106.44
2004/11/4,106.21
2004/11/5,106.16
2004/11/8,105.68
2004/11/9,105.67
2004/11/10,105.91
2004/11/11,106.86
2004/11/12,106.71
2004/11/15,105.37
2004/11/16,105.49
2004/11/17,105.47
2004/11/18,104.1
2004/11/19,104.31
2004/11/22,103.27
2004/11/24,103.42
2004/11/25,102.88
2004/11/26,102.61
2004/11/29,102.75
2004/11/30,103.19
2004/12/1,102.81
2004/12/2,102.55
2004/12/3,103.25
2004/12/6,102.22
2004/12/7,103.21
2004/12/8,103.06
2004/12/9,104.04
2004/12/10,104.85
2004/12/13,105.11
2004/12/14,104.7
2004/12/15,105.32
2004/12/16,104.43
2004/12/17,104.63
2004/12/20,104.39
2004/12/21,103.89
2004/12/22,104.42
2004/12/24,103.73
2004/12/27,103.9
2004/12/28,103.24
2004/12/29,103.4
2004/12/30,104.2
2005/1/4,102.93
2005/1/5,104.45
2005/1/6,104.17
2005/1/7,105.02
2005/1/11,104.29
2005/1/12,103.42
2005/1/13,102.5
2005/1/14,102.56
2005/1/17,102.17
2005/1/18,102.42
2005/1/19,102.4
2005/1/20,102.97
2005/1/21,103.6
2005/1/24,102.88
2005/1/25,102.71
2005/1/26,103.85
2005/1/27,103.22
2005/1/28,103.1
2005/1/31,103.6
2005/2/1,103.61
2005/2/2,103.67
2005/2/3,104.01
2005/2/4,104.54
2005/2/7,104.31
2005/2/8,104.94
2005/2/9,105.7
2005/2/10,105.7
2005/2/14,105.3
2005/2/15,105.23
2005/2/16,104.68
2005/2/17,105.58
2005/2/18,105.61
2005/2/21,105.69
2005/2/22,105.62
2005/2/23,104.42
2005/2/24,104.97
2005/2/25,105.43
2005/2/28,104.73
2005/3/1,104.53
2005/3/2,104.65
2005/3/3,105
2005/3/4,105.38
2005/3/7,104.72
2005/3/8,105.12
2005/3/9,104.65
2005/3/10,104.16
2005/3/11,104.16
2005/3/14,104.15
2005/3/15,104.88
2005/3/16,104.51
2005/3/17,104.36
2005/3/18,104.73
2005/3/22,105.24
2005/3/23,105.48
2005/3/24,106.23
2005/3/25,106.48
2005/3/28,106.6
2005/3/29,107.3
2005/3/30,107.59
2005/3/31,107.41
2005/4/1,107.47
2005/4/4,107.71
2005/4/5,108.45
2005/4/6,108.39
2005/4/7,108.76
2005/4/8,108.71
2005/4/11,108.49
2005/4/12,107.64
2005/4/13,107.66
2005/4/14,107.4
2005/4/15,108.32
2005/4/18,107.83
2005/4/19,107.5
2005/4/20,106.89
2005/4/21,106.83
2005/4/22,106.93
2005/4/25,105.95
2005/4/26,105.59
2005/4/27,106.26
2005/4/28,106.35
2005/5/2,105.34
2005/5/6,104.75
2005/5/9,105.17
2005/5/10,105.84
2005/5/11,105.56
2005/5/12,105.92
2005/5/13,106.87
2005/5/16,107.46
2005/5/17,106.83
2005/5/18,107.57
2005/5/19,107.21
2005/5/20,107.78
2005/5/23,108.14
2005/5/24,107.73
2005/5/25,107.58
2005/5/26,107.83
2005/5/27,108.03
2005/5/30,107.94
2005/5/31,108.11
2005/6/1,108.28
2005/6/2,108.72
2005/6/3,108.11
2005/6/6,107.68
2005/6/7,106.91
2005/6/8,106.74
2005/6/9,107.24
2005/6/10,107.61
2005/6/13,108.59
2005/6/14,109.44
2005/6/15,109.47
2005/6/16,109.31
2005/6/17,108.94
2005/6/20,108.91
2005/6/21,109.27
2005/6/22,108.51
2005/6/23,108.72
2005/6/24,109.07
2005/6/27,109.35
2005/6/28,109.44
2005/6/29,109.92
2005/6/30,110.63
2005/7/1,110.84
2005/7/4,111.63
2005/7/5,111.57
2005/7/6,111.66
2005/7/7,112.3
2005/7/8,112.35
2005/7/11,112.25
2005/7/12,111.68
2005/7/13,111.19
2005/7/14,112.11
2005/7/15,112.31
2005/7/19,111.96
2005/7/20,112.93
2005/7/21,112.57
2005/7/22,111.03
2005/7/25,111.53
2005/7/26,111.82
2005/7/27,112.48
2005/7/28,112.5
2005/7/29,112.48
2005/8/1,112.57
2005/8/2,112.19
2005/8/3,111.67
2005/8/4,111.29
2005/8/5,111.39
2005/8/8,112.44
2005/8/9,111.96
2005/8/10,111.74
2005/8/11,110.55
2005/8/12,109.93
2005/8/15,109.64
2005/8/16,109.35
2005/8/17,109.54
2005/8/18,110.23
2005/8/19,110.5
2005/8/22,110.47
2005/8/23,109.79
2005/8/24,110.3
2005/8/25,110.41
2005/8/26,110.25
2005/8/29,110.05
2005/8/30,110.58
2005/8/31,111.41
2005/9/1,110.8
2005/9/2,110
2005/9/5,109.72
2005/9/6,109.3
2005/9/7,109.57
2005/9/8,110.32
2005/9/9,110.74
2005/9/12,109.5
2005/9/13,110.42
2005/9/14,110.64
2005/9/15,110.53
2005/9/16,110.87
2005/9/20,111.57
2005/9/21,111.82
2005/9/22,111.46
2005/9/26,112.37
2005/9/27,112.46
2005/9/28,113.23
2005/9/29,113.16
2005/9/30,113.21
2005/10/3,114.01
2005/10/4,114.23
2005/10/5,114.33
2005/10/6,113.94
2005/10/7,113.55
2005/10/11,114.23
2005/10/12,114.68
2005/10/13,114.61
2005/10/14,114.82
2005/10/17,113.99
2005/10/18,115.36
2005/10/19,115.84
2005/10/20,115.59
2005/10/21,115.35
2005/10/24,115.98
2005/10/25,115.62
2005/10/26,115.03
2005/10/27,115.9
2005/10/28,115.36
2005/10/31,115.76
2005/11/1,116.59
2005/11/2,116.9
2005/11/4,117.53
2005/11/7,118.16
2005/11/8,117.81
2005/11/9,117.41
2005/11/10,117.8
2005/11/11,117.77
2005/11/14,118.07
2005/11/15,118.85
2005/11/16,119
2005/11/17,119.03
2005/11/18,118.98
2005/11/21,119.38
2005/11/22,119.11
2005/11/24,118.64
2005/11/25,119.36
2005/11/28,119.79
2005/11/29,119.02
2005/11/30,119.68
2005/12/1,119.78
2005/12/2,120.69
2005/12/5,121.12
2005/12/6,121.08
2005/12/7,120.8
2005/12/8,120.89
2005/12/9,120.78
2005/12/12,120.9
2005/12/13,119.97
2005/12/14,119.88
2005/12/15,117.69
2005/12/16,115.73
2005/12/19,115.74
2005/12/20,116.3
2005/12/21,117.06
2005/12/22,117.66
2005/12/26,116.12
2005/12/27,116.94
2005/12/28,117.51
2005/12/29,118.07
2005/12/30,118.07
2006/1/4,115.96
2006/1/5,116.28
2006/1/6,115.93
2006/1/10,114.66
2006/1/11,114.6
2006/1/12,114.34
2006/1/13,114.74
2006/1/16,113.96
2006/1/17,115.26
2006/1/18,115.68
2006/1/19,115.5
2006/1/20,115.66
2006/1/23,115.23
2006/1/24,114.59
2006/1/25,115.11
2006/1/26,115.62
2006/1/27,116.33
2006/1/30,117.15
2006/1/31,117.75
2006/2/1,117.32
2006/2/2,118.05
2006/2/3,118.55
2006/2/6,118.79
2006/2/7,119.11
2006/2/8,117.98
2006/2/9,118.45
2006/2/10,118.96
2006/2/13,117.7
2006/2/14,117.55
2006/2/15,117.74
2006/2/16,118.04
2006/2/17,117.84
2006/2/20,118.23
2006/2/21,118.5
2006/2/22,118.79
2006/2/23,118.46
2006/2/24,116.71
2006/2/27,116.43
2006/2/28,116.29
2006/3/1,115.87
2006/3/2,116.13
2006/3/3,116.56
2006/3/6,116.59
2006/3/7,117.68
2006/3/8,117.74
2006/3/9,117.8
2006/3/10,118.41
2006/3/13,118.99
2006/3/14,118.51
2006/3/15,117.75
2006/3/16,117.74
2006/3/17,116.74
2006/3/20,116.24
2006/3/22,117.38
2006/3/23,116.93
2006/3/24,118.05
2006/3/27,117.18
2006/3/28,116.4
2006/3/29,118
2006/3/30,117.89
2006/3/31,117.47
2006/4/3,118.11
2006/4/4,117.99
2006/4/5,117.39
2006/4/6,117.74
2006/4/7,117.94
2006/4/10,118.23
2006/4/11,118.58
2006/4/12,117.9
2006/4/13,118.49
2006/4/14,118.77
2006/4/17,118.25
2006/4/18,117.97
2006/4/19,116.94
2006/4/20,117.59
2006/4/21,117.72
2006/4/24,115.79
2006/4/25,114.34
2006/4/26,114.94
2006/4/27,114.79
2006/4/28,114.4
2006/5/1,113.75
2006/5/2,113.92
2006/5/8,111.88
2006/5/9,111.43
2006/5/10,111.24
2006/5/11,111.15
2006/5/12,110.44
2006/5/15,109.95
2006/5/16,110.49
2006/5/17,109.62
2006/5/18,110.94
2006/5/19,110.88
2006/5/22,112.07
2006/5/23,111.78
2006/5/24,112.48
2006/5/25,112.8
2006/5/26,111.73
2006/5/29,112.37
2006/5/30,112.7
2006/5/31,112.29
2006/6/1,112.68
2006/6/2,112.65
2006/6/5,111.69
2006/6/6,112.42
2006/6/7,113.17
2006/6/8,113.66
2006/6/9,114.03
2006/6/12,114.29
2006/6/13,114.39
2006/6/14,115.27
2006/6/15,115.14
2006/6/16,114.76
2006/6/19,115.45
2006/6/20,115.61
2006/6/21,114.78
2006/6/22,114.87
2006/6/23,116.12
2006/6/26,116.41
2006/6/27,116.05
2006/6/28,116.29
2006/6/29,116.6
2006/6/30,115.24
2006/7/3,114.47
2006/7/4,114.6
2006/7/5,115.13
2006/7/6,115.63
2006/7/7,115.35
2006/7/10,113.99
2006/7/11,114.22
2006/7/12,114.32
2006/7/13,115.52
2006/7/14,115.63
2006/7/18,117.08
2006/7/19,117.37
2006/7/20,116.95
2006/7/21,117.01
2006/7/24,116.58
2006/7/25,116.92
2006/7/26,117.04
2006/7/27,116.34
2006/7/28,115.99
2006/7/31,114.85
2006/8/1,114.68
2006/8/2,114.48
2006/8/3,114.84
2006/8/4,115.24
2006/8/7,114.4
2006/8/8,115.06
2006/8/9,115.62
2006/8/10,115.45
2006/8/11,115.43
2006/8/14,116.32
2006/8/15,116.6
2006/8/16,116.11
2006/8/17,115.79
2006/8/18,116.1
2006/8/21,115.84
2006/8/22,116.21
2006/8/23,116.37
2006/8/24,116.52
2006/8/25,116.73
2006/8/28,117.24
2006/8/29,117.02
2006/8/30,116.8
2006/8/31,117.33
2006/9/1,117.43
2006/9/4,116.88
2006/9/5,115.89
2006/9/6,116.29
2006/9/7,116.8
2006/9/8,116.51
2006/9/11,116.83
2006/9/12,117.65
2006/9/13,117.84
2006/9/14,117.67
2006/9/15,117.83
2006/9/19,118.02
2006/9/20,117.49
2006/9/21,117.32
2006/9/22,116.39
2006/9/25,116.63
2006/9/26,116.39
2006/9/27,117.11
2006/9/28,117.44
2006/9/29,117.89
2006/10/2,118.23
2006/10/3,117.73
2006/10/4,118.11
2006/10/5,117.77
2006/10/6,117.97
2006/10/10,119.06
2006/10/11,119.72
2006/10/12,119.75
2006/10/13,119.4
2006/10/16,119.76
2006/10/17,119.02
2006/10/18,118.74
2006/10/19,118.99
2006/10/20,118.45
2006/10/23,118.72
2006/10/24,119.33
2006/10/25,119.33
2006/10/26,118.97
2006/10/27,118.7
2006/10/30,117.57
2006/10/31,117.69
2006/11/1,116.97
2006/11/2,117.44
2006/11/6,118.02
2006/11/7,118.28
2006/11/8,117.76
2006/11/9,118.03
2006/11/10,117.91
2006/11/13,117.43
2006/11/14,117.8
2006/11/15,117.73
2006/11/16,118.05
2006/11/17,118.29
2006/11/20,117.98
2006/11/21,118.07
2006/11/22,117.95
2006/11/24,116.47
2006/11/27,115.68
2006/11/28,116.01
2006/11/29,115.89
2006/11/30,116.47
2006/12/1,115.75
2006/12/4,115.3
2006/12/5,115.37
2006/12/6,114.91
2006/12/7,115.17
2006/12/8,115.32
2006/12/11,116.48
2006/12/12,116.84
2006/12/13,116.92
2006/12/14,117.59
2006/12/15,118.13
2006/12/18,118.1
2006/12/19,118.06
2006/12/20,118.28
2006/12/21,118.48
2006/12/22,118.45
2006/12/25,118.78
2006/12/26,119.01
2006/12/27,119.1
2006/12/28,118.92
2006/12/29,119.12
2007/1/4,119.43
2007/1/5,118.7
2007/1/9,118.82
2007/1/10,119.43
2007/1/11,119.67
2007/1/12,120.67
2007/1/15,120.14
2007/1/16,120.61
2007/1/17,120.89
2007/1/18,120.72
2007/1/19,121.42
2007/1/22,121.37
2007/1/23,121.65
2007/1/24,121.79
2007/1/25,121.03
2007/1/26,121.57
2007/1/29,121.73
2007/1/30,121.65
2007/1/31,121.73
2007/2/1,120.95
2007/2/2,120.85
2007/2/5,121.1
2007/2/6,120.17
2007/2/7,120.21
2007/2/8,120.75
2007/2/9,121.31
2007/2/13,121.75
2007/2/14,121.31
2007/2/15,120.34
2007/2/16,119.59
2007/2/19,119.42
2007/2/20,119.76
2007/2/21,120.34
2007/2/22,121.13
2007/2/23,121.55
2007/2/26,120.94
2007/2/27,120.53
2007/2/28,118.42
2007/3/1,118.88
2007/3/2,117.78
2007/3/5,115.64
2007/3/6,115.9
2007/3/7,116.82
2007/3/8,115.86
2007/3/9,117.42
2007/3/12,118.19
2007/3/13,117.8
2007/3/14,116.24
2007/3/15,117.27
2007/3/16,117.18
2007/3/19,116.78
2007/3/20,117.88
2007/3/22,117.59
2007/3/23,118.08
2007/3/26,118.02
2007/3/27,118.23
2007/3/28,117.88
2007/3/29,116.76
2007/3/30,118.09
2007/4/2,118
2007/4/3,117.82
2007/4/4,118.9
2007/4/5,118.73
2007/4/6,118.84
2007/4/9,119.42
2007/4/10,119.21
2007/4/11,119.28
2007/4/12,119.39
2007/4/13,118.98
2007/4/16,119.23
2007/4/17,119.64
2007/4/18,118.77
2007/4/19,118.4
2007/4/20,118.74
2007/4/23,119
2007/4/24,118.41
2007/4/25,118.54
2007/4/26,118.71
2007/4/27,119.78
2007/5/1,119.59
2007/5/2,119.98
2007/5/7,120.11
2007/5/8,120.14
2007/5/9,119.77
2007/5/10,120.21
2007/5/11,119.97
2007/5/14,120.22
2007/5/15,120.58
2007/5/16,120.3
2007/5/17,120.88
2007/5/18,121.44
2007/5/21,121.28
2007/5/22,121.46
2007/5/23,121.7
2007/5/24,121.62
2007/5/25,121.19
2007/5/28,121.68
2007/5/29,121.76
2007/5/30,121.61
2007/5/31,121.67
2007/6/1,121.83
2007/6/4,122.07
2007/6/5,121.79
2007/6/6,121.5
2007/6/7,121.02
2007/6/8,121.33
2007/6/11,121.68
2007/6/12,121.75
2007/6/13,121.7
2007/6/14,122.8
2007/6/15,123.15
2007/6/18,123.54
2007/6/19,123.72
2007/6/20,123.45
2007/6/21,123.68
2007/6/22,123.95
2007/6/25,123.92
2007/6/26,123.43
2007/6/27,123.04
2007/6/28,123.09
2007/6/29,123.27
2007/7/2,123.31
2007/7/3,122.48
2007/7/4,122.46
2007/7/5,122.87
2007/7/6,123.03
2007/7/9,123.51
2007/7/10,123.29
2007/7/11,121.8
2007/7/12,122.37
2007/7/13,122.68
2007/7/17,122.04
2007/7/18,122.01
2007/7/19,122.05
2007/7/20,122.3
2007/7/23,121.18
2007/7/24,120.65
2007/7/25,119.99
2007/7/26,120.71
2007/7/27,118.97
2007/7/30,118.54
2007/7/31,118.92
2007/8/1,118.59
2007/8/2,118.86
2007/8/3,119.34
2007/8/6,117.61
2007/8/7,118.74
2007/8/8,118.99
2007/8/9,119.79
2007/8/10,117.96
2007/8/13,118.28
2007/8/14,117.99
2007/8/15,117.44
2007/8/16,116.58
2007/8/17,113.89
2007/8/20,114.49
2007/8/21,114.71
2007/8/22,114.47
2007/8/23,116.12
2007/8/24,116.3
2007/8/27,116.61
2007/8/28,115.5
2007/8/29,114.07
2007/8/30,115.75
2007/8/31,116.07
2007/9/3,115.73
2007/9/4,116
2007/9/5,116.32
2007/9/6,115.13
2007/9/7,115.45
2007/9/10,112.76
2007/9/11,113.57
2007/9/12,114.21
2007/9/13,114.44
2007/9/14,115.08
2007/9/18,115.03
2007/9/19,115.91
2007/9/20,116.02
2007/9/21,115.11
2007/9/25,114.69
2007/9/26,114.68
2007/9/27,115.5
2007/9/28,115.43
2007/10/1,114.93
2007/10/2,115.76
2007/10/3,115.7
2007/10/4,116.84
2007/10/5,116.55
2007/10/9,117.36
2007/10/10,117.3
2007/10/11,117.17
2007/10/12,117.46
2007/10/15,117.73
2007/10/16,117.25
2007/10/17,116.74
2007/10/18,116.59
2007/10/19,115.38
2007/10/22,113.88
2007/10/23,114.41
2007/10/24,114.77
2007/10/25,114.08
2007/10/26,114.22
2007/10/29,114.19
2007/10/30,114.55
2007/10/31,114.77
2007/11/1,115.52
2007/11/2,114.72
2007/11/5,114.64
2007/11/6,114.48
2007/11/7,114.78
2007/11/8,112.91
2007/11/9,112.88
2007/11/12,110.52
2007/11/13,109.98
2007/11/14,111.28
2007/11/15,111.51
2007/11/16,110.63
2007/11/19,111.03
2007/11/20,110.04
2007/11/21,109.85
2007/11/22,108.54
2007/11/26,108.68
2007/11/27,107.37
2007/11/28,108.5
2007/11/29,110.06
2007/11/30,110.14
2007/12/3,110.91
2007/12/4,110.4
2007/12/5,109.98
2007/12/6,111.02
2007/12/7,111.52
2007/12/10,111.62
2007/12/11,111.92
2007/12/12,110.92
2007/12/13,111.99
2007/12/14,112.6
2007/12/17,113.34
2007/12/18,113.03
2007/12/19,113.36
2007/12/20,113.38
2007/12/21,113.12
2007/12/25,114.13
2007/12/26,114.19
2007/12/27,114.48
2007/12/28,114.15
2008/1/4,109.3
2008/1/7,108.91
2008/1/8,109.21
2008/1/9,109.08
2008/1/10,110.13
2008/1/11,109.77
2008/1/15,108.06
2008/1/16,106.7
2008/1/17,107.13
2008/1/18,106.79
2008/1/21,106.97
2008/1/22,105.93
2008/1/23,106.91
2008/1/24,106.9
2008/1/25,107.16
2008/1/28,106.84
2008/1/29,106.75
2008/1/30,106.94
2008/1/31,106.41
2008/2/1,106.59
2008/2/4,106.83
2008/2/5,106.77
2008/2/6,106.66
2008/2/7,106.46
2008/2/8,107.25
2008/2/12,106.95
2008/2/13,107.38
2008/2/14,108.27
2008/2/15,107.99
2008/2/18,107.9
2008/2/19,108.23
2008/2/20,107.95
2008/2/21,108.12
2008/2/22,107.57
2008/2/25,107.45
2008/2/26,108.04
2008/2/27,107.3
2008/2/28,106.31
2008/2/29,104.77
2008/3/3,103.09
2008/3/4,103.33
2008/3/5,103.43
2008/3/6,103.79
2008/3/7,102.88
2008/3/10,102.32
2008/3/11,101.66
2008/3/12,103.09
2008/3/13,101.71
2008/3/14,101.07
2008/3/17,97.53
2008/3/18,97.04
2008/3/19,99.72
2008/3/21,99.56
2008/3/24,99.86
2008/3/25,100.72
2008/3/26,99.86
2008/3/27,98.83
2008/3/28,99.4
2008/3/31,100.2
2008/4/1,99.85
2008/4/2,101.92
2008/4/3,102.32
2008/4/4,102.54
2008/4/7,102.12
2008/4/8,102.42
2008/4/9,102.64
2008/4/10,101.41
2008/4/11,101.94
2008/4/14,101.46
2008/4/15,101.15
2008/4/16,101.88
2008/4/17,101.93
2008/4/18,102.59
2008/4/21,104
2008/4/22,103.14
2008/4/23,103.03
2008/4/24,103.38
2008/4/25,104.38
2008/4/28,104.74
2008/4/30,104.15
2008/5/1,103.89
2008/5/2,104.7
2008/5/7,104.88
2008/5/8,104.86
2008/5/9,103.83
2008/5/12,102.91
2008/5/13,103.93
2008/5/14,104.86
2008/5/15,105.32
2008/5/16,104.78
2008/5/19,104.14
2008/5/20,104.31
2008/5/21,103.53
2008/5/22,102.88
2008/5/23,104.17
2008/5/26,103.19
2008/5/27,103.39
2008/5/28,104.16
2008/5/29,104.81
2008/5/30,105.75
2008/6/2,105.31
2008/6/3,104.42
2008/6/4,105.17
2008/6/5,105.43
2008/6/6,106.07
2008/6/9,105.1
2008/6/10,106.78
2008/6/11,107.45
2008/6/12,107.06
2008/6/13,107.95
2008/6/16,108.29
2008/6/17,108.3
2008/6/18,107.92
2008/6/19,107.75
2008/6/20,108.03
2008/6/23,107.37
2008/6/24,108
2008/6/25,107.82
2008/6/26,108.01
2008/6/27,106.96
2008/6/30,106.42
2008/7/1,106.26
2008/7/2,106.05
2008/7/3,106.01
2008/7/4,106.71
2008/7/7,106.86
2008/7/8,107.09
2008/7/9,107.46
2008/7/10,106.93
2008/7/11,107.05
2008/7/14,106.7
2008/7/15,106.11
2008/7/16,104.82
2008/7/17,105.09
2008/7/18,106.49
2008/7/22,106.5
2008/7/23,107.35
2008/7/24,107.92
2008/7/25,107.34
2008/7/28,108.02
2008/7/29,107.42
2008/7/30,108.1
2008/7/31,108.12
2008/8/1,107.82
2008/8/4,107.61
2008/8/5,108.26
2008/8/6,108.44
2008/8/7,109.41
2008/8/8,109.59
2008/8/11,109.95
2008/8/12,110.18
2008/8/13,109.04
2008/8/14,109.44
2008/8/15,109.94
2008/8/18,110.19
2008/8/19,110.01
2008/8/20,109.9
2008/8/21,109.68
2008/8/22,108.69
2008/8/25,110.28
2008/8/26,109.46
2008/8/27,109.31
2008/8/28,109.54
2008/8/29,109.35
2008/9/1,108.64
2008/9/2,108.56
2008/9/3,108.9
2008/9/4,108.33
2008/9/5,106.79
2008/9/8,108.51
2008/9/9,107.77
2008/9/10,107.16
2008/9/11,107.53
2008/9/12,107.2
2008/9/16,104.39
2008/9/17,106.5
2008/9/18,104.89
2008/9/19,106.2
2008/9/22,106.96
2008/9/24,105.46
2008/9/25,106.07
2008/9/26,106.13
2008/9/29,106.91
2008/9/30,103.63
2008/10/1,106.52
2008/10/2,106.28
2008/10/3,105.07
2008/10/6,104.42
2008/10/7,101.65
2008/10/8,101.64
2008/10/9,99.99
2008/10/10,99.13
2008/10/14,102.82
2008/10/15,101.65
2008/10/16,100.06
2008/10/17,101.68
2008/10/20,101.86
2008/10/21,101.95
2008/10/22,100.46
2008/10/23,97.67
2008/10/24,97.32
2008/10/27,94.28
2008/10/28,93.31
2008/10/29,97.94
2008/10/30,98.59
2008/10/31,98.41
2008/11/4,99.11
2008/11/5,99.75
2008/11/6,98.16
2008/11/7,97.13
2008/11/10,99.21
2008/11/11,97.49
2008/11/12,97.57
2008/11/13,95.65
2008/11/14,97.17
2008/11/17,96.55
2008/11/18,96.46
2008/11/19,96.53
2008/11/20,95.85
2008/11/21,94.21
2008/11/25,96.66
2008/11/26,95.01
2008/11/27,95.34
2008/11/28,95.56
2008/12/1,95.3
2008/12/2,93.72
2008/12/3,92.98
2008/12/4,93.23
2008/12/5,92.55
2008/12/8,92.72
2008/12/9,92.95
2008/12/10,92.64
2008/12/11,92.68
2008/12/12,91.58
2008/12/15,91.17
2008/12/16,90.48
2008/12/17,89.03
2008/12/18,87.47
2008/12/19,89.87
2008/12/22,90.01
2008/12/24,90.71
2008/12/25,90.43
2008/12/26,90.84
2008/12/29,90.75
2008/12/30,91.01
2009/1/5,92.03
2009/1/6,93.11
2009/1/7,93.84
2009/1/8,92.83
2009/1/9,91.41
2009/1/13,89.49
2009/1/14,89.3
2009/1/15,89.25
2009/1/16,90.07
2009/1/19,91.05
2009/1/20,90.39
2009/1/21,89.94
2009/1/22,88.9
2009/1/23,89.17
2009/1/26,88.9
2009/1/27,89.33
2009/1/28,89.01
2009/1/29,90.46
2009/1/30,89.6
2009/2/2,89.78
2009/2/3,89.41
2009/2/4,89.44
2009/2/5,89.42
2009/2/6,90.94
2009/2/9,91.87
2009/2/10,91.29
2009/2/12,90.3
2009/2/13,90.76
2009/2/16,91.65
2009/2/17,91.87
2009/2/18,92.28
2009/2/19,93.79
2009/2/20,94.16
2009/2/23,93.14
2009/2/24,94.33
2009/2/25,96.75
2009/2/26,97.54
2009/2/27,97.79
2009/3/2,97.15
2009/3/3,97.24
2009/3/4,98.4
2009/3/5,99.3
2009/3/6,98.51
2009/3/9,98.12
2009/3/10,99.09
2009/3/11,98.74
2009/3/12,97.2
2009/3/13,97.58
2009/3/16,98.42
2009/3/17,98.5
2009/3/18,98.76
2009/3/19,96.41
2009/3/23,96.15
2009/3/24,97.74
2009/3/25,97.87
2009/3/26,97.68
2009/3/27,98.61
2009/3/30,98.17
2009/3/31,98.26
2009/4/1,98.92
2009/4/2,98.6
2009/4/3,99.89
2009/4/6,100.78
2009/4/7,100.63
2009/4/8,100.67
2009/4/9,99.82
2009/4/10,100.64
2009/4/13,100.33
2009/4/14,100.38
2009/4/15,98.84
2009/4/16,99.43
2009/4/17,99.73
2009/4/20,99.24
2009/4/21,98.08
2009/4/22,98.58
2009/4/23,97.81
2009/4/24,97.81
2009/4/27,96.99
2009/4/28,96.55
2009/4/30,97.76
2009/5/1,99.11
2009/5/7,98.67
2009/5/8,99.33
2009/5/11,98.57
2009/5/12,97.52
2009/5/13,95.91
2009/5/14,95.49
2009/5/15,96.03
2009/5/18,94.88
2009/5/19,96.24
2009/5/20,95.93
2009/5/21,94.5
2009/5/22,94.16
2009/5/25,94.54
2009/5/26,94.86
2009/5/27,95.17
2009/5/28,95.95
2009/5/29,96.47
2009/6/1,94.97
2009/6/2,96.3
2009/6/3,95.66
2009/6/4,96.22
2009/6/5,96.65
2009/6/8,98.61
2009/6/9,98.42
2009/6/10,97.19
2009/6/11,98.22
2009/6/12,97.8
2009/6/15,98.22
2009/6/16,97.36
2009/6/17,96.47
2009/6/18,95.72
2009/6/19,96.68
2009/6/22,96.19
2009/6/23,95.43
2009/6/24,95.42
2009/6/25,95.9
2009/6/26,95.79
2009/6/29,95.31
2009/6/30,96.02
2009/7/1,96.4
2009/7/2,96.6
2009/7/3,95.81
2009/7/6,95.77
2009/7/7,95.33
2009/7/8,94.55
2009/7/9,92.95
2009/7/10,93.06
2009/7/13,92.91
2009/7/14,93.11
2009/7/15,93.65
2009/7/16,94.34
2009/7/17,93.8
2009/7/21,94
2009/7/22,93.48
2009/7/23,93.73
2009/7/24,94.87
2009/7/27,94.86
2009/7/28,95.02
2009/7/29,94.59
2009/7/30,95.16
2009/7/31,95.48
2009/8/3,94.74
2009/8/4,95.26
2009/8/5,95.25
2009/8/6,94.99
2009/8/7,95.54
2009/8/10,97.21
2009/8/11,96.91
2009/8/12,96.03
2009/8/13,96.14
2009/8/14,95.46
2009/8/17,94.57
2009/8/18,94.75
2009/8/19,94.73
2009/8/20,94.27
2009/8/21,94.02
2009/8/24,94.66
2009/8/25,94.18
2009/8/26,94.03
2009/8/27,93.95
2009/8/28,93.78
2009/8/31,92.69
2009/9/1,93.02
2009/9/2,92.82
2009/9/3,92.14
2009/9/4,92.7
2009/9/7,93.08
2009/9/8,92.96
2009/9/9,92.39
2009/9/10,92.23
2009/9/11,91.68
2009/9/14,90.64
2009/9/15,91.06
2009/9/16,90.9
2009/9/17,91.15
2009/9/18,91.23
2009/9/24,91.24
2009/9/25,90.86
2009/9/28,88.92
2009/9/29,90.21
2009/9/30,90.21
2009/10/1,89.84
2009/10/2,89.57
2009/10/5,89.82
2009/10/6,89.42
2009/10/7,89
2009/10/8,88.48
2009/10/9,88.79
2009/10/13,89.78
2009/10/14,89.75
2009/10/15,89.64
2009/10/16,90.86
2009/10/19,90.94
2009/10/20,90.68
2009/10/21,90.83
2009/10/22,91.08
2009/10/23,91.51
2009/10/26,92.04
2009/10/27,92.06
2009/10/28,91.56
2009/10/29,90.57
2009/10/30,91.39
2009/11/2,90.01
2009/11/4,90.07
2009/11/5,90.62
2009/11/6,90.69
2009/11/9,89.94
2009/11/10,90.03
2009/11/11,89.54
2009/11/12,89.98
2009/11/13,90.32
2009/11/16,89.41
2009/11/17,89.16
2009/11/18,89.26
2009/11/19,89.33
2009/11/20,89.05
2009/11/24,88.87
2009/11/25,88.48
2009/11/26,87.33
2009/11/27,86.31
2009/11/30,86.76
2009/12/1,86.42
2009/12/2,86.8
2009/12/3,87.79
2009/12/4,88.14
2009/12/7,90.16
2009/12/8,89.18
2009/12/9,88.57
2009/12/10,88.26
2009/12/11,88.48
2009/12/14,88.91
2009/12/15,88.74
2009/12/16,89.69
2009/12/17,89.94
2009/12/18,89.28
2009/12/21,90.6
2009/12/22,91.08
2009/12/24,91.71
2009/12/25,91.6
2009/12/28,91.8
2009/12/29,91.7
2009/12/30,92.07
2010/1/4,92.93
2010/1/5,92.37
2010/1/6,91.6
2010/1/7,92.4
2010/1/8,93.4
2010/1/12,92.3
2010/1/13,91.25
2010/1/14,91.44
2010/1/15,91.3
2010/1/18,90.81
2010/1/19,90.76
2010/1/20,91.14
2010/1/21,91.34
2010/1/22,90.29
2010/1/25,89.96
2010/1/26,90.41
2010/1/27,89.57
2010/1/28,90.26
2010/1/29,89.75
2010/2/1,90.37
2010/2/2,90.91
2010/2/3,90.54
2010/2/4,90.98
2010/2/5,89.63
2010/2/8,89.4
2010/2/9,89.32
2010/2/10,89.95
2010/2/12,89.76
2010/2/15,90.08
2010/2/16,90.05
2010/2/17,90.26
2010/2/18,91.08
2010/2/19,91.85
2010/2/22,91.74
2010/2/23,91.22
2010/2/24,90.26
2010/2/25,90.22
2010/2/26,89.43
2010/3/1,89.02
2010/3/2,89.32
2010/3/3,88.66
2010/3/4,88.54
2010/3/5,89.35
2010/3/8,90.42
2010/3/9,90.18
2010/3/10,90.03
2010/3/11,90.49
2010/3/12,90.65
2010/3/15,90.8
2010/3/16,90.26
2010/3/17,90.45
2010/3/18,90.39
2010/3/19,90.5
2010/3/23,90.29
2010/3/24,90.46
2010/3/25,91.84
2010/3/26,92.45
2010/3/29,92.48
2010/3/30,92.2
2010/3/31,93.04
2010/4/1,93.41
2010/4/2,93.83
2010/4/5,94.42
2010/4/6,94.27
2010/4/7,93.78
2010/4/8,93.4
2010/4/9,93.63
2010/4/12,93.09
2010/4/13,93.02
2010/4/14,93.37
2010/4/15,93.41
2010/4/16,92.92
2010/4/19,92.11
2010/4/20,92.61
2010/4/21,93.08
2010/4/22,92.89
2010/4/23,93.4
2010/4/26,94.21
2010/4/27,93.8
2010/4/28,93.06
2010/4/30,94.07
2010/5/6,93.67
2010/5/7,91.52
2010/5/10,92.35
2010/5/11,93
2010/5/12,92.82
2010/5/13,93.2
2010/5/14,92.77
2010/5/17,92.25
2010/5/18,92.58
2010/5/19,91.65
2010/5/20,91.87
2010/5/21,90
2010/5/24,90
2010/5/25,90.15
2010/5/26,90.21
2010/5/27,90.05
2010/5/28,91.23
2010/5/31,91.31
2010/6/1,90.96
2010/6/2,91.33
2010/6/3,92.14
2010/6/4,92.78
2010/6/7,91.16
2010/6/8,91.65
2010/6/9,91.32
2010/6/10,91.24
2010/6/11,91.67
2010/6/14,91.78
2010/6/15,91.71
2010/6/16,91.67
2010/6/17,91.34
2010/6/18,90.82
2010/6/21,90.55
2010/6/22,90.99
2010/6/23,90.51
2010/6/24,89.94
2010/6/25,89.7
2010/6/28,89.32
2010/6/29,89.36
2010/6/30,88.51
2010/7/1,88.47
2010/7/2,87.89
2010/7/5,87.89
2010/7/6,87.48
2010/7/7,87.6
2010/7/8,88.06
2010/7/9,88.57
2010/7/12,88.99
2010/7/13,88.81
2010/7/14,88.94
2010/7/15,88.22
2010/7/16,87.45
2010/7/20,86.96
2010/7/21,87.24
2010/7/22,86.65
2010/7/23,87.15
2010/7/26,87.7
2010/7/27,86.95
2010/7/28,87.7
2010/7/29,87.34
2010/7/30,86.69
2010/8/2,86.69
2010/8/3,86.56
2010/8/4,85.58
2010/8/5,86.34
2010/8/6,85.95
2010/8/9,85.41
2010/8/10,86.01
2010/8/11,85.37
2010/8/12,85.19
2010/8/13,86.14
2010/8/16,85.84
2010/8/17,85.23
2010/8/18,85.51
2010/8/19,85.64
2010/8/20,85.4
2010/8/23,85.51
2010/8/24,85.13
2010/8/25,84.33
2010/8/26,84.7
2010/8/27,84.38
2010/8/30,85.72
2010/8/31,84.54
2010/9/1,84.31
2010/9/2,84.43
2010/9/3,84.34
2010/9/6,84.4
2010/9/7,84.25
2010/9/8,83.85
2010/9/9,83.94
2010/9/10,84.13
2010/9/13,84.21
2010/9/14,83.43
2010/9/15,83.05
2010/9/16,85.62
2010/9/17,85.85
2010/9/21,85.72
2010/9/22,84.84
2010/9/24,84.55
2010/9/27,84.3
2010/9/28,84.33
2010/9/29,83.95
2010/9/30,83.82
2010/10/1,83.54
2010/10/4,83.43
2010/10/5,83.55
2010/10/6,83.21
2010/10/7,82.97
2010/10/8,82.49
2010/10/12,82.28
2010/10/13,81.8
2010/10/14,81.59
2010/10/15,81.59
2010/10/18,81.3
2010/10/19,81.25
2010/10/20,81.39
2010/10/21,81.11
2010/10/22,81.26
2010/10/25,81.17
2010/10/26,80.73
2010/10/27,81.41
2010/10/28,81.7
2010/10/29,80.91
2010/11/1,80.61
2010/11/2,80.66
2010/11/4,81.19
2010/11/5,81
2010/11/8,81.24
2010/11/9,81.2
2010/11/10,81.79
2010/11/11,82.2
2010/11/12,82.42
2010/11/15,82.53
2010/11/16,83.19
2010/11/17,83.41
2010/11/18,83.26
2010/11/19,83.66
2010/11/22,83.57
2010/11/24,83.36
2010/11/25,83.42
2010/11/26,83.77
2010/11/29,84.14
2010/11/30,84.27
2010/12/1,83.7
2010/12/2,84.17
2010/12/3,83.78
2010/12/6,82.9
2010/12/7,82.61
2010/12/8,83.62
2010/12/9,83.98
2010/12/10,83.82
2010/12/13,83.95
2010/12/14,83.56
2010/12/15,83.87
2010/12/16,84.25
2010/12/17,84.06
2010/12/20,84.09
2010/12/21,83.74
2010/12/22,83.83
2010/12/24,83.19
2010/12/27,82.97
2010/12/28,82.72
2010/12/29,82.33
2010/12/30,81.44
2011/1/4,81.8
2011/1/5,82.04
2011/1/6,83.38
2011/1/7,83.36
2011/1/11,82.9
2011/1/12,83.32
2011/1/13,83.12
2011/1/14,82.81
2011/1/17,82.93
2011/1/18,82.77
2011/1/19,82.6
2011/1/20,82.17
2011/1/21,83.05
2011/1/24,82.72
2011/1/25,82.63
2011/1/26,82.24
2011/1/27,82
2011/1/28,82.77
2011/1/31,82.11
2011/2/1,82.04
2011/2/2,81.47
2011/2/3,81.63
2011/2/4,81.67
2011/2/7,82.28
2011/2/8,82.31
2011/2/9,82.31
2011/2/10,82.49
2011/2/14,83.26
2011/2/15,83.32
2011/2/16,83.73
2011/2/17,83.63
2011/2/18,83.37
2011/2/21,83.1
2011/2/22,82.95
2011/2/23,82.87
2011/2/24,82.31
2011/2/25,81.94
2011/2/28,81.7
2011/3/1,81.95
2011/3/2,81.92
2011/3/3,81.85
2011/3/4,82.37
2011/3/7,82.39
2011/3/8,82.27
2011/3/9,82.91
2011/3/10,82.83
2011/3/11,82.94
2011/3/14,82.11
2011/3/15,81.87
2011/3/16,81.1
2011/3/17,79.34
2011/3/18,81.38
2011/3/22,81.04
2011/3/23,81.06
2011/3/24,80.98
2011/3/25,81.03
2011/3/28,81.59
2011/3/29,81.66
2011/3/30,82.48
2011/3/31,83.15
2011/4/1,83.48
2011/4/4,84.13
2011/4/5,84.33
2011/4/6,85.18
2011/4/7,85.47
2011/4/8,85.17
2011/4/11,85
2011/4/12,84.31
2011/4/13,84.01
2011/4/14,83.73
2011/4/15,83.69
2011/4/18,83.17
2011/4/19,82.69
2011/4/20,82.8
2011/4/21,82.33
2011/4/22,81.83
2011/4/25,82.21
2011/4/26,81.76
2011/4/27,81.52
2011/4/28,82.08
2011/5/2,81.19
2011/5/6,80.45
2011/5/9,80.71
2011/5/10,80.33
2011/5/11,80.96
2011/5/12,81.14
2011/5/13,81.03
2011/5/16,80.91
2011/5/17,81.01
2011/5/18,81.41
2011/5/19,81.68
2011/5/20,81.78
2011/5/23,81.86
2011/5/24,81.95
2011/5/25,82.13
2011/5/26,82.05
2011/5/27,81.23
2011/5/30,80.87
2011/5/31,80.82
2011/6/1,81.45
2011/6/2,81.1
2011/6/3,80.85
2011/6/6,80.28
2011/6/7,80.24
2011/6/8,80.19
2011/6/9,80.06
2011/6/10,80.35
2011/6/13,80.46
2011/6/14,80.23
2011/6/15,80.59
2011/6/16,80.91
2011/6/17,80.67
2011/6/20,80.22
2011/6/21,80.2
2011/6/22,80.29
2011/6/23,80.48
2011/6/24,80.55
2011/6/27,80.83
2011/6/28,80.75
2011/6/29,81.03
2011/6/30,80.73
2011/7/1,80.82
2011/7/4,80.75
2011/7/5,80.88
2011/7/6,80.97
2011/7/7,81.01
2011/7/8,81.31
2011/7/11,80.7
2011/7/12,80.24
2011/7/13,79.55
2011/7/14,78.76
2011/7/15,79.15
2011/7/19,79.06
2011/7/20,79.27
2011/7/21,78.85
2011/7/22,78.67
2011/7/25,78.41
2011/7/26,78.29
2011/7/27,77.92
2011/7/28,77.99
2011/7/29,77.86
2011/8/1,77.96
2011/8/2,77.44
2011/8/3,77.34
2011/8/4,77.18
2011/8/5,79.1
2011/8/8,78.12
2011/8/9,77.5
2011/8/10,77.13
2011/8/11,77.17
2011/8/12,76.99
2011/8/15,77.01
2011/8/16,76.91
2011/8/17,76.81
2011/8/18,76.69
2011/8/19,76.93
2011/8/22,76.75
2011/8/23,76.83
2011/8/24,76.89
2011/8/25,77
2011/8/26,77.45
2011/8/29,76.76
2011/8/30,76.92
2011/8/31,76.73
2011/9/1,77.01
2011/9/2,76.97
2011/9/5,76.82
2011/9/6,76.96
2011/9/7,77.48
2011/9/8,77.38
2011/9/9,77.57
2011/9/12,77.58
2011/9/13,77.16
2011/9/14,76.95
2011/9/15,76.7
2011/9/16,76.82
2011/9/20,76.65
2011/9/21,76.26
2011/9/22,76.75
2011/9/26,76.64
2011/9/27,76.32
2011/9/28,76.48
2011/9/29,76.46
2011/9/30,76.63
2011/10/3,77.15
2011/10/4,76.75
2011/10/5,76.75
2011/10/6,76.8
2011/10/7,76.72
2011/10/11,76.74
2011/10/12,76.71
2011/10/13,77.18
2011/10/14,76.98
2011/10/17,77.3
2011/10/18,76.88
2011/10/19,76.69
2011/10/20,76.87
2011/10/21,76.86
2011/10/24,76.38
2011/10/25,76.25
2011/10/26,76.13
2011/10/27,76.28
2011/10/28,75.99
2011/10/31,75.76
2011/11/1,78.34
2011/11/2,78.3
2011/11/4,78.08
2011/11/7,78.16
2011/11/8,78.09
2011/11/9,77.71
2011/11/10,77.85
2011/11/11,77.6
2011/11/14,77.25
2011/11/15,77.15
2011/11/16,77.1
2011/11/17,77.06
2011/11/18,77.03
2011/11/21,76.92
2011/11/22,77
2011/11/24,77.11
2011/11/25,77.37
2011/11/28,77.67
2011/11/29,78.21
2011/11/30,78.13
2011/12/1,77.66
2011/12/2,77.76
2011/12/5,78.1
2011/12/6,77.82
2011/12/7,77.7
2011/12/8,77.64
2011/12/9,77.74
2011/12/12,77.67
2011/12/13,77.97
2011/12/14,78.02
2011/12/15,78.07
2011/12/16,77.85
2011/12/19,77.9
2011/12/20,78.03
2011/12/21,77.89
2011/12/22,78.13
2011/12/26,77.95
2011/12/27,78.03
2011/12/28,77.83
2011/12/29,77.94
2011/12/30,77.73
2012/1/4,76.66
2012/1/5,76.75
2012/1/6,77.22
2012/1/10,76.89
2012/1/11,76.91
2012/1/12,76.92
2012/1/13,76.81
2012/1/16,76.84
2012/1/17,76.89
2012/1/18,76.78
2012/1/19,76.78
2012/1/20,77.14
2012/1/23,77.03
2012/1/24,77.01
2012/1/25,77.8
2012/1/26,77.78
2012/1/27,77.4
2012/1/30,76.79
2012/1/31,76.38
2012/2/1,76.19
2012/2/2,76.15
2012/2/3,76.24
2012/2/6,76.53
2012/2/7,76.56
2012/2/8,76.94
2012/2/9,77.12
2012/2/10,77.69
2012/2/13,77.72
2012/2/14,77.55
2012/2/15,78.53
2012/2/16,78.46
2012/2/17,78.95
2012/2/20,79.59
2012/2/21,79.75
2012/2/22,79.85
2012/2/23,80.35
2012/2/24,80.03
2012/2/27,81.26
2012/2/28,80.34
2012/2/29,80.68
2012/3/1,81.25
2012/3/2,81.3
2012/3/5,81.6
2012/3/6,81.55
2012/3/7,80.74
2012/3/8,81.28
2012/3/9,81.64
2012/3/12,82.33
2012/3/13,82.39
2012/3/14,83.19
2012/3/15,84
2012/3/16,83.56
2012/3/19,83.56
2012/3/21,83.65
2012/3/22,83.44
2012/3/23,82.74
2012/3/26,82.74
2012/3/27,82.92
2012/3/28,83.01
2012/3/29,82.75
2012/3/30,82.14
2012/4/2,83.19
2012/4/3,81.8
2012/4/4,82.88
2012/4/5,82.37
2012/4/6,82.38
2012/4/9,81.51
2012/4/10,81.83
2012/4/11,80.76
2012/4/12,81.02
2012/4/13,80.98
2012/4/16,80.98
2012/4/17,80.56
2012/4/18,81.07
2012/4/19,81.44
2012/4/20,81.66
2012/4/23,81.51
2012/4/24,81.17
2012/4/25,81.45
2012/4/26,81.36
2012/4/27,81.19
2012/5/1,79.85
2012/5/2,80.26
2012/5/7,79.87
2012/5/8,80.02
2012/5/9,79.89
2012/5/10,79.73
2012/5/11,79.94
2012/5/14,80.13
2012/5/15,79.94
2012/5/16,80.4
2012/5/17,80.3
2012/5/18,79.44
2012/5/21,79.2
2012/5/22,79.4
2012/5/23,79.97
2012/5/24,79.49
2012/5/25,79.7
2012/5/28,79.45
2012/5/29,79.6
2012/5/30,79.51
2012/5/31,78.93
2012/6/1,78.69
2012/6/4,78.16
2012/6/5,78.32
2012/6/6,78.66
2012/6/7,79.26
2012/6/8,79.68
2012/6/11,79.62
2012/6/12,79.26
2012/6/13,79.59
2012/6/14,79.43
2012/6/15,79.48
2012/6/18,79.29
2012/6/19,79.05
2012/6/20,78.98
2012/6/21,79.47
2012/6/22,80.13
2012/6/25,80.43
2012/6/26,79.67
2012/6/27,79.46
2012/6/28,79.52
2012/6/29,79.31
2012/7/2,79.78
2012/7/3,79.54
2012/7/4,79.75
2012/7/5,79.95
2012/7/6,79.99
2012/7/9,79.52
2012/7/10,79.53
2012/7/11,79.29
2012/7/12,79.64
2012/7/13,79.41
2012/7/17,78.92
2012/7/18,79.1
2012/7/19,78.72
2012/7/20,78.74
2012/7/23,78.41
2012/7/24,78.34
2012/7/25,78.14
2012/7/26,78.08
2012/7/27,78.36
2012/7/30,78.46
2012/7/31,78.17
2012/8/1,78.11
2012/8/2,78.46
2012/8/3,78.12
2012/8/6,78.55
2012/8/7,78.18
2012/8/8,78.59
2012/8/9,78.46
2012/8/10,78.61
2012/8/13,78.28
2012/8/14,78.44
2012/8/15,78.87
2012/8/16,79.11
2012/8/17,79.38
2012/8/20,79.58
2012/8/21,79.37
2012/8/22,79.27
2012/8/23,78.57
2012/8/24,78.57
2012/8/27,78.81
2012/8/28,78.7
2012/8/29,78.61
2012/8/30,78.68
2012/8/31,78.6
2012/9/3,78.23
2012/9/4,78.38
2012/9/5,78.52
2012/9/6,78.48
2012/9/7,78.89
2012/9/10,78.22
2012/9/11,78.26
2012/9/12,77.89
2012/9/13,77.78
2012/9/14,77.67
2012/9/18,78.61
2012/9/19,78.68
2012/9/20,78.41
2012/9/21,78.36
2012/9/24,78.15
2012/9/25,77.86
2012/9/26,77.78
2012/9/27,77.69
2012/9/28,77.61
2012/10/1,77.94
2012/10/2,78.06
2012/10/3,78.31
2012/10/4,78.53
2012/10/5,78.58
2012/10/9,78.32
2012/10/10,78.3
2012/10/11,78.15
2012/10/12,78.52
2012/10/15,78.35
2012/10/16,78.79
2012/10/17,78.75
2012/10/18,79.16
2012/10/19,79.43
2012/10/22,79.33
2012/10/23,79.95
2012/10/24,79.86
2012/10/25,79.91
2012/10/26,80.26
2012/10/29,79.68
2012/10/30,79.88
2012/10/31,79.66
2012/11/1,79.9
2012/11/2,80.28
2012/11/5,80.5
2012/11/6,80.21
2012/11/7,80.21
2012/11/8,79.97
2012/11/9,79.55
2012/11/12,79.53
2012/11/13,79.64
2012/11/14,79.53
2012/11/15,80.24
2012/11/16,81.18
2012/11/19,81.48
2012/11/20,81.4
2012/11/21,81.86
2012/11/22,82.46
2012/11/26,82.64
2012/11/27,82.01
2012/11/28,82.19
2012/11/29,82.04
2012/11/30,82.1
2012/12/3,82.36
2012/12/4,82.11
2012/12/5,81.92
2012/12/6,82.41
2012/12/7,82.51
2012/12/10,82.56
2012/12/11,82.45
2012/12/12,82.56
2012/12/13,83.37
2012/12/14,83.71
2012/12/17,83.99
2012/12/18,83.92
2012/12/19,84.43
2012/12/20,84.26
2012/12/21,84.43
2012/12/25,84.73
2012/12/26,85.34
2012/12/27,85.71
2012/12/28,86.58
2013/1/4,87.64
2013/1/7,88.08
2013/1/8,87.56
2013/1/9,87.17
2013/1/10,88.2
2013/1/11,89.22
2013/1/15,89.59
2013/1/16,88.55
2013/1/17,88.66
2013/1/18,89.92
2013/1/21,89.84
2013/1/22,89.78
2013/1/23,88.73
2013/1/24,88.61
2013/1/25,90.56
2013/1/28,91.03
2013/1/29,90.51
2013/1/30,90.83
2013/1/31,91.14
2013/2/1,91.76
2013/2/4,92.69
2013/2/5,92.29
2013/2/6,93.66
2013/2/7,93.56
2013/2/8,93.71
2013/2/12,94.27
2013/2/13,93.34
2013/2/14,93.33
2013/2/15,92.96
2013/2/18,93.81
2013/2/19,93.82
2013/2/20,93.67
2013/2/21,93.88
2013/2/22,93.31
2013/2/25,94.07
2013/2/26,92.71
2013/2/27,92.09
2013/2/28,92.51
2013/3/1,92.67
2013/3/4,93.66
2013/3/5,93.4
2013/3/6,93.18
2013/3/7,94.12
2013/3/8,94.94
2013/3/11,96.1
2013/3/12,96.47
2013/3/13,96.07
2013/3/14,95.96
2013/3/15,96.15
2013/3/18,94.96
2013/3/19,95.55
2013/3/21,95.91
2013/3/22,95.08
2013/3/25,94.86
2013/3/26,94.08
2013/3/27,94.62
2013/3/28,94.33
2013/3/29,93.99
2013/4/1,94.38
2013/4/2,93.13
2013/4/3,93.67
2013/4/4,92.88
2013/4/5,96.94
2013/4/8,98.53
2013/4/9,99.37
2013/4/10,99.2
2013/4/11,99.67
2013/4/12,99.63
2013/4/15,98.66
2013/4/16,96.85
2013/4/17,98
2013/4/18,97.86
2013/4/19,98.29
2013/4/22,99.8
2013/4/23,99.29
2013/4/24,99.64
2013/4/25,99.56
2013/4/26,99.14
2013/4/30,97.92
2013/5/1,97.19
2013/5/2,97.22
2013/5/7,99.16
2013/5/8,98.89
2013/5/9,98.9
2013/5/10,100.96
2013/5/13,101.92
2013/5/14,101.48
2013/5/15,102.14
2013/5/16,102.16
2013/5/17,102.29
2013/5/20,102.85
2013/5/21,102.45
2013/5/22,102.62
2013/5/23,103.5
2013/5/24,102.34
2013/5/27,100.88
2013/5/28,101.63
2013/5/29,102.23
2013/5/30,101.18
2013/5/31,101.17
2013/6/3,100.46
2013/6/4,99.46
2013/6/5,100.3
2013/6/6,99.3
2013/6/7,97.44
2013/6/10,97.73
2013/6/11,98.8
2013/6/12,96.44
2013/6/13,95.3
2013/6/14,94.63
2013/6/17,94.68
2013/6/18,94.84
2013/6/19,95.53
2013/6/20,96.45
2013/6/21,97.2
2013/6/24,98.36
2013/6/25,97.74
2013/6/26,98.15
2013/6/27,97.65
2013/6/28,98.63
2013/7/1,99.43
2013/7/2,99.62
2013/7/3,100.72
2013/7/4,99.93
2013/7/5,100.35
2013/7/8,101.37
2013/7/9,101.07
2013/7/10,101.17
2013/7/11,99.61
2013/7/12,99.07
2013/7/16,100.05
2013/7/17,99.36
2013/7/18,99.71
2013/7/19,100.86
2013/7/22,100.02
2013/7/23,99.46
2013/7/24,99.51
2013/7/25,100.31
2013/7/26,99.31
2013/7/29,97.99
2013/7/30,98.05
2013/7/31,98.09
2013/8/1,97.85
2013/8/2,99.54
2013/8/5,99.16
2013/8/6,98.03
2013/8/7,97.42
2013/8/8,96.73
2013/8/9,96.89
2013/8/12,96.24
2013/8/13,97.42
2013/8/14,98.31
2013/8/15,97.96
2013/8/16,97.23
2013/8/19,97.65
2013/8/20,97.71
2013/8/21,97.51
2013/8/22,97.91
2013/8/23,98.98
2013/8/26,98.72
2013/8/27,98.14
2013/8/28,97.21
2013/8/29,97.85
2013/8/30,98.36
2013/9/2,98.54
2013/9/3,99.68
2013/9/4,99.61
2013/9/5,99.71
2013/9/6,99.98
2013/9/9,99.69
2013/9/10,99.71
2013/9/11,100.33
2013/9/12,99.71
2013/9/13,99.72
2013/9/17,99.17
2013/9/18,99.24
2013/9/19,98.19
2013/9/20,99.55
2013/9/24,98.78
2013/9/25,98.76
2013/9/26,98.34
2013/9/27,98.96
2013/9/30,97.75
2013/10/1,98.4
2013/10/2,98.04
2013/10/3,97.38
2013/10/4,97.3
2013/10/7,97.26
2013/10/8,96.78
2013/10/9,97.16
2013/10/10,97.61
2013/10/11,98.31
2013/10/15,98.54
2013/10/16,98.5
2013/10/17,98.83
2013/10/18,98.13
2013/10/21,98.07
2013/10/22,98.19
2013/10/23,98.08
2013/10/24,97.47
2013/10/25,97.26
2013/10/28,97.57
2013/10/29,97.55
2013/10/30,98.21
2013/10/31,98.51
2013/11/1,98.23
2013/11/5,98.57
2013/11/6,98.56
2013/11/7,98.72
2013/11/8,98.26
2013/11/11,98.97
2013/11/12,99.29
2013/11/13,99.67
2013/11/14,99.31
2013/11/15,100.27
2013/11/18,100.29
2013/11/19,99.89
2013/11/20,100.19
2013/11/21,100.47
2013/11/22,101.24
2013/11/25,101.47
2013/11/26,101.46
2013/11/27,101.39
2013/11/28,101.95
2013/11/29,102.42
2013/12/2,102.49
2013/12/3,102.91
2013/12/4,102.63
2013/12/5,102.45
2013/12/6,101.98
2013/12/9,103.11
2013/12/10,103.36
2013/12/11,102.92
2013/12/12,102.68
2013/12/13,103.63
2013/12/16,103.19
2013/12/17,103.12
2013/12/18,102.84
2013/12/19,104.15
2013/12/20,104.4
2013/12/24,104.26
2013/12/25,104.32
2013/12/26,104.85
2013/12/27,105.02
2013/12/30,105.4
2014/1/6,104.66
2014/1/7,104.46
2014/1/8,104.78
2014/1/9,104.86
2014/1/10,104.95
2014/1/14,103.32
2014/1/15,104.13
2014/1/16,104.87
2014/1/17,104.39
2014/1/20,104.03
2014/1/21,104.46
2014/1/22,104.26
2014/1/23,104.74
2014/1/24,103.5
2014/1/27,102.33
2014/1/28,102.68
2014/1/29,103.15
2014/1/30,102.2
2014/1/31,102.86
2014/2/3,102.28
2014/2/4,101.24
2014/2/5,101.59
2014/2/6,101.59
2014/2/7,102.04
2014/2/10,102.5
2014/2/12,102.5
2014/2/13,102.51
2014/2/14,102.28
2014/2/17,101.44
2014/2/18,102.18
2014/2/19,102.33
2014/2/20,102.25
2014/2/21,102.53
2014/2/24,102.59
2014/2/25,102.55
2014/2/26,102.2
2014/2/27,102.37
2014/2/28,101.9
2014/3/3,101.31
2014/3/4,101.55
2014/3/5,102.26
2014/3/6,102.4
2014/3/7,103.09
2014/3/10,103.23
2014/3/11,103.29
2014/3/12,102.95
2014/3/13,102.78
2014/3/14,101.83
2014/3/17,101.43
2014/3/18,101.84
2014/3/19,101.44
2014/3/20,102.32
2014/3/24,102.35
2014/3/25,102.2
2014/3/26,102.36
2014/3/27,101.86
2014/3/28,102.06
2014/3/31,102.92
2014/4/1,103.2
2014/4/2,103.73
2014/4/3,103.86
2014/4/4,103.9
2014/4/7,103.24
2014/4/8,102.95
2014/4/9,101.99
2014/4/10,102.06
2014/4/11,101.54
2014/4/14,101.44
2014/4/15,101.88
2014/4/16,102.12
2014/4/17,102.14
2014/4/18,102.55
2014/4/21,102.61
2014/4/22,102.66
2014/4/23,102.65
2014/4/24,102.47
2014/4/25,102.39
2014/4/28,102.12
2014/4/30,102.61
2014/5/1,102.26
2014/5/2,102.37
2014/5/7,101.63
2014/5/8,101.95
2014/5/9,101.68
2014/5/12,102.02
2014/5/13,102.21
2014/5/14,102.19
2014/5/15,101.83
2014/5/16,101.63
2014/5/19,101.58
2014/5/20,101.47
2014/5/21,101.31
2014/5/22,101.43
2014/5/23,101.84
2014/5/26,101.98
2014/5/27,101.93
2014/5/28,101.97
2014/5/29,101.75
2014/5/30,101.65
2014/6/2,101.98
2014/6/3,102.41
2014/6/4,102.63
2014/6/5,102.65
2014/6/6,102.37
2014/6/9,102.57
2014/6/10,102.48
2014/6/11,102.35
2014/6/12,102.04
2014/6/13,101.8
2014/6/16,101.98
2014/6/17,101.95
2014/6/18,102.18
2014/6/19,102.01
2014/6/20,101.9
2014/6/23,102.1
2014/6/24,101.83
2014/6/25,101.96
2014/6/26,101.7
2014/6/27,101.51
2014/6/30,101.3
2014/7/1,101.45
2014/7/2,101.59
2014/7/3,101.87
2014/7/4,102.16
2014/7/7,102.2
2014/7/8,101.74
2014/7/9,101.56
2014/7/10,101.55
2014/7/11,101.38
2014/7/14,101.39
2014/7/15,101.65
2014/7/16,101.74
2014/7/17,101.66
2014/7/18,101.26
2014/7/22,101.48
2014/7/23,101.52
2014/7/24,101.54
2014/7/25,101.8
2014/7/28,101.81
2014/7/29,101.86
2014/7/30,102.1
2014/7/31,102.85
2014/8/1,102.84
2014/8/4,102.57
2014/8/5,102.63
2014/8/6,102.61
2014/8/7,102.17
2014/8/8,102.11
2014/8/11,102.16
2014/8/12,102.31
2014/8/13,102.26
2014/8/14,102.5
2014/8/15,102.51
2014/8/18,102.39
2014/8/19,102.63
2014/8/20,102.99
2014/8/21,103.82
2014/8/22,103.96
2014/8/25,104.19
2014/8/26,104.1
2014/8/27,104.12
2014/8/28,103.76
2014/8/29,103.74
2014/9/1,104.14
2014/9/2,104.4
2014/9/3,105.22
2014/9/4,104.93
2014/9/5,105.57
2014/9/8,105.13
2014/9/9,106.06
2014/9/10,106.12
2014/9/11,106.8
2014/9/12,107.22
2014/9/16,107.17
2014/9/17,107.27
2014/9/18,108.53
2014/9/19,108.86
2014/9/22,108.98
2014/9/24,108.68
2014/9/25,109.24
2014/9/26,108.55
2014/9/29,109.37
2014/9/30,109.45
2014/10/1,109.76
2014/10/2,109.09
2014/10/3,108.77
2014/10/6,109.69
2014/10/7,108.95
2014/10/8,108.26
2014/10/9,108.29
2014/10/10,107.78
2014/10/14,107.15
2014/10/15,107.27
2014/10/16,105.92
2014/10/17,106.35
2014/10/20,107.14
2014/10/21,106.86
2014/10/22,107.05
2014/10/23,107.16
2014/10/24,108.01
2014/10/27,107.97
2014/10/28,107.98
2014/10/29,108.14
2014/10/30,109.01
2014/10/31,109.34
2014/11/4,113.79
2014/11/5,113.73
2014/11/6,114.69
2014/11/7,115.15
2014/11/10,114.4
2014/11/11,114.75
2014/11/12,115.83
2014/11/13,115.58
2014/11/14,116.15
2014/11/17,116.44
2014/11/18,116.58
2014/11/19,117.06
2014/11/20,118.21
2014/11/21,118.09
2014/11/25,118.08
2014/11/26,117.77
2014/11/27,117.52
2014/11/28,118.23
2014/12/1,118.94
2014/12/2,118.37
2014/12/3,119.33
2014/12/4,119.87
2014/12/5,119.86
2014/12/8,121.6
2014/12/9,120.98
2014/12/10,119.52
2014/12/11,117.68
2014/12/12,118.89
2014/12/15,118.61
2014/12/16,117.76
2014/12/17,116.93
2014/12/18,118.81
2014/12/19,119
2014/12/22,119.52
2014/12/24,120.56
2014/12/25,120.24
2014/12/26,120.31
2014/12/29,120.51
2014/12/30,120.53
2015/1/5,120.34
2015/1/6,119.38
2015/1/7,118.84
2015/1/8,119.47
2015/1/9,119.87
2015/1/13,118.02
2015/1/14,117.65
2015/1/15,117.71
2015/1/16,116.44
2015/1/19,117.39
2015/1/20,117.9
2015/1/21,118.63
2015/1/22,118.14
2015/1/23,118.53
2015/1/26,117.71
2015/1/27,118.6
2015/1/28,117.83
2015/1/29,117.71
2015/1/30,118.25
2015/2/2,117.47
2015/2/3,117.35
2015/2/4,117.83
2015/2/5,117.3
2015/2/6,117.5
2015/2/9,118.93
2015/2/10,118.5
2015/2/12,120.2
2015/2/13,119.02
2015/2/16,118.59
2015/2/17,118.35
2015/2/18,119.26
2015/2/19,118.77
2015/2/20,119.1
2015/2/23,119.07
2015/2/24,118.92
2015/2/25,118.82
2015/2/26,119.04
2015/2/27,119.26
2015/3/2,119.89
2015/3/3,120.09
2015/3/4,119.59
2015/3/5,119.82
2015/3/6,120.08
2015/3/9,120.78
2015/3/10,121.47
2015/3/11,121.23
2015/3/12,121.54
2015/3/13,121.44
2015/3/16,121.41
2015/3/17,121.45
2015/3/18,121.34
2015/3/19,119.81
2015/3/20,120.72
2015/3/23,119.97
2015/3/24,119.8
2015/3/25,119.81
2015/3/26,119.4
2015/3/27,119.2
2015/3/30,119.29
2015/3/31,120.27
2015/4/1,119.92
2015/4/2,119.69
2015/4/3,119.7
2015/4/6,119.07
2015/4/7,119.55
2015/4/8,120.25
2015/4/9,120.27
2015/4/10,120.48
2015/4/13,120.23
2015/4/14,119.79
2015/4/15,119.62
2015/4/16,118.97
2015/4/17,119.05
2015/4/20,118.94
2015/4/21,119.36
2015/4/22,119.67
2015/4/23,120.04
2015/4/24,119.54
2015/4/27,118.96
2015/4/28,119.16
2015/4/30,118.99
2015/5/1,119.68
2015/5/7,119.37
2015/5/8,119.86
2015/5/11,119.76
2015/5/12,120.16
2015/5/13,119.79
2015/5/14,119.27
2015/5/15,119.39
2015/5/18,119.64
2015/5/19,119.9
2015/5/20,120.94
2015/5/21,121.06
2015/5/22,121.07
2015/5/25,121.63
2015/5/26,121.76
2015/5/27,123
2015/5/28,123.65
2015/5/29,123.75
2015/6/1,124.3
2015/6/2,124.82
2015/6/3,124.16
2015/6/4,124.36
2015/6/5,124.51
2015/6/8,125.5
2015/6/9,124.64
2015/6/10,124.47
2015/6/11,122.97
2015/6/12,123.47
2015/6/15,123.48
2015/6/16,123.47
2015/6/17,123.44
2015/6/18,123.39
2015/6/19,122.98
2015/6/22,122.7
2015/6/23,123.44
2015/6/24,123.88
2015/6/25,123.89
2015/6/26,123.56
2015/6/29,122.96
2015/6/30,122.48
2015/7/1,122.62
2015/7/2,123.39
2015/7/3,123
2015/7/6,122.57
2015/7/7,122.72
2015/7/8,122.4
2015/7/9,120.8
2015/7/10,121.65
2015/7/13,122.52
2015/7/14,123.64
2015/7/15,123.39
2015/7/16,123.85
2015/7/17,124.24
2015/7/21,124.36
2015/7/22,123.77
2015/7/23,124.1
2015/7/24,124.02
2015/7/27,123.64
2015/7/28,123.17
2015/7/29,123.54
2015/7/30,124.09
2015/7/31,124.02
2015/8/3,124.08
2015/8/4,124.06
2015/8/5,124.33
2015/8/6,124.83
2015/8/7,124.75
2015/8/10,124.42
2015/8/11,124.64
2015/8/12,125.13
2015/8/13,124.29
2015/8/14,124.43
2015/8/17,124.43
2015/8/18,124.45
2015/8/19,124.37
2015/8/20,123.83
2015/8/21,123.49
2015/8/24,121.73
2015/8/25,118.9
2015/8/26,119.09
2015/8/27,120.07
2015/8/28,121.12
2015/8/31,121.18
2015/9/1,121.02
2015/9/2,120.29
2015/9/3,120.67
2015/9/4,119.96
2015/9/7,119.07
2015/9/8,119.42
2015/9/9,120.27
2015/9/10,120.24
2015/9/11,120.82
2015/9/14,120.65
2015/9/15,120.64
2015/9/16,120.35
2015/9/17,120.6
2015/9/18,119.83
2015/9/24,120.2
2015/9/25,120.37
2015/9/28,120.46
2015/9/29,119.77
2015/9/30,119.97
2015/10/1,119.87
2015/10/2,119.91
2015/10/5,120.04
2015/10/6,120.48
2015/10/7,120.36
2015/10/8,120.04
2015/10/9,119.99
2015/10/13,119.94
2015/10/14,119.57
2015/10/15,118.99
2015/10/16,119.06
2015/10/19,119.33
2015/10/20,119.54
2015/10/21,119.93
2015/10/22,119.87
2015/10/23,120.95
2015/10/26,121.14
2015/10/27,120.79
2015/10/28,120.4
2015/10/29,120.66
2015/10/30,120.9
2015/11/2,120.58
2015/11/4,121.15
2015/11/5,121.57
2015/11/6,121.74
2015/11/9,123.33
2015/11/10,123.2
2015/11/11,123.03
2015/11/12,122.86
2015/11/13,122.53
2015/11/16,122.55
2015/11/17,123.28
2015/11/18,123.41
2015/11/19,123.56
2015/11/20,122.96
2015/11/24,122.88
2015/11/25,122.44
2015/11/26,122.61
2015/11/27,122.74
2015/11/30,122.82
2015/12/1,123.1
2015/12/2,122.89
2015/12/3,123.31
2015/12/4,122.71
2015/12/7,123.24
2015/12/8,123.27
2015/12/9,122.99
2015/12/10,121.55
2015/12/11,121.95
2015/12/14,120.83
2015/12/15,121.16
2015/12/16,121.8
2015/12/17,122.52
2015/12/18,122.51
2015/12/21,121.3
2015/12/22,121.23
2015/12/24,120.96
2015/12/25,120.15
2015/12/28,120.54
2015/12/29,120.39
2015/12/30,120.54
2016/1/4,120.4
2016/1/5,119.27
2016/1/6,119.04
2016/1/7,118.66
2016/1/8,117.86
2016/1/12,117.81
2016/1/13,117.92
2016/1/14,117.55
2016/1/15,118.16
2016/1/18,117.09
2016/1/19,117.6
2016/1/20,117.54
2016/1/21,117.35
2016/1/22,117.82
2016/1/25,118.63
2016/1/26,118.14
2016/1/27,118.31
2016/1/28,118.61
2016/1/29,118.87
2016/2/1,121.19
2016/2/2,120.9
2016/2/3,119.72
2016/2/4,117.77
2016/2/5,116.99
2016/2/8,116.97
2016/2/9,115.36
2016/2/10,114.79
2016/2/12,112.41
2016/2/15,113.33
2016/2/16,114.66
2016/2/17,114.34
2016/2/18,113.97
2016/2/19,112.97
2016/2/22,112.82
2016/2/23,112.62
2016/2/24,111.95
2016/2/25,112.18
2016/2/26,113.02
2016/2/29,113.64
2016/3/1,112.46
2016/3/2,113.96
2016/3/3,113.71
2016/3/4,113.65
2016/3/7,113.7
2016/3/8,113.01
2016/3/9,112.49
2016/3/10,113.31
2016/3/11,113.3
2016/3/14,113.89
2016/3/15,113.9
2016/3/16,113.32
2016/3/17,112.88
2016/3/18,111.16
2016/3/22,111.93
2016/3/23,112.25
2016/3/24,112.47
2016/3/25,113.19
2016/3/28,113.45
2016/3/29,113.28
2016/3/30,112.66
2016/3/31,112.69
2016/4/1,112.34
2016/4/4,111.47
2016/4/5,111.02
2016/4/6,110.42
2016/4/7,109.65
2016/4/8,108.86
2016/4/11,108.08
2016/4/12,108.09
2016/4/13,108.69
2016/4/14,109.38
2016/4/15,109.74
2016/4/18,107.99
2016/4/19,109.08
2016/4/20,109.2
2016/4/21,109.72
2016/4/22,109.38
2016/4/25,111.33
2016/4/26,111.03
2016/4/27,111.25
2016/4/28,111.73
2016/5/2,106.46
2016/5/6,107.39
2016/5/9,107.46
2016/5/10,108.48
2016/5/11,109.17
2016/5/12,108.37
2016/5/13,108.94
2016/5/16,108.84
2016/5/17,108.94
2016/5/18,108.83
2016/5/19,110.13
2016/5/20,110.09
2016/5/23,109.81
2016/5/24,109.3
2016/5/25,110.17
2016/5/26,109.45
2016/5/27,109.83
2016/5/30,110.73
2016/5/31,110.94
2016/6/1,110.62
2016/6/2,109.38
2016/6/3,108.87
2016/6/6,106.61
2016/6/7,107.39
2016/6/8,107.12
2016/6/9,106.75
2016/6/10,107.1
2016/6/13,106.46
2016/6/14,106.09
2016/6/15,106.12
2016/6/16,105.65
2016/6/17,104.73
2016/6/20,104.72
2016/6/21,103.83
2016/6/22,104.62
2016/6/23,104.79
2016/6/24,105.81
2016/6/27,102.25
2016/6/28,101.63
2016/6/29,102.4
2016/6/30,102.96
2016/7/1,102.95
2016/7/4,102.55
2016/7/5,102.39
2016/7/6,101.08
2016/7/7,101.01
2016/7/8,100.97
2016/7/11,100.83
2016/7/12,102.7
2016/7/13,104.64
2016/7/14,104.11
2016/7/15,105.66
2016/7/19,105.98
2016/7/20,106.03
2016/7/21,107.28
2016/7/22,105.72
2016/7/25,106.51
2016/7/26,105.01
2016/7/27,105.13
2016/7/28,104.69
2016/7/29,104.47
2016/8/1,102.47
2016/8/2,102.38
2016/8/3,101.15
2016/8/4,101.25
2016/8/5,101.26
2016/8/8,102.13
2016/8/9,102.39
2016/8/10,101.63
2016/8/12,102.21
2016/8/15,101.46
2016/8/16,101.11
2016/8/17,100.69
2016/8/18,99.81
2016/8/19,100.43
2016/8/22,100.62
2016/8/23,100.13
2016/8/24,100.38
2016/8/25,100.51
2016/8/26,100.45
2016/8/29,101.93
2016/8/30,101.92
2016/8/31,103.19
2016/9/1,103.18
2016/9/2,103.28
2016/9/5,103.91
2016/9/6,103.61
2016/9/7,101.36
2016/9/8,101.63
2016/9/9,102.28
2016/9/12,102.66
2016/9/13,101.56
2016/9/14,102.85
2016/9/15,102.5
2016/9/16,102
2016/9/20,101.94
2016/9/21,101.79
2016/9/23,101.05
2016/9/26,100.8
2016/9/27,100.31
2016/9/28,100.55
2016/9/29,101.19
2016/9/30,101.12
2016/10/3,101.43
2016/10/4,102.05
2016/10/5,102.73
2016/10/6,103.45
2016/10/7,103.76
2016/10/11,103.95
2016/10/12,103.64
2016/10/13,104.54
2016/10/14,103.87
2016/10/17,104.21
2016/10/18,103.75
2016/10/19,103.75
2016/10/20,103.64
2016/10/21,104.14
2016/10/24,103.89
2016/10/25,104.49
2016/10/26,104.17
2016/10/27,104.58
2016/10/28,105.21
2016/10/31,104.81
2016/11/1,104.79
2016/11/2,104.15
2016/11/4,103.01
2016/11/7,103.98
2016/11/8,104.53
2016/11/9,105.11
2016/11/10,105.65
2016/11/11,106.67
2016/11/14,107.38
2016/11/15,107.92
2016/11/16,109.04
2016/11/17,108.73
2016/11/18,110.21
2016/11/21,110.95
2016/11/22,110.53
2016/11/24,112.43
2016/11/25,113.78
2016/11/28,112.28
2016/11/29,111.91
2016/11/30,112.42
2016/12/1,114.38
2016/12/2,113.75
2016/12/5,113.78
2016/12/6,113.62
2016/12/7,114.16
2016/12/8,113.81
2016/12/9,114.27
2016/12/12,115.5
2016/12/13,115
2016/12/14,115.17
2016/12/15,117.75
2016/12/16,118.14
2016/12/19,117.63
2016/12/20,117.15
2016/12/21,117.96
2016/12/22,117.73
2016/12/26,117.03
2016/12/27,117.46
2016/12/28,117.67
2016/12/29,117.19
2016/12/30,116.53
2017/1/4,117.96
2017/1/5,116.62
2017/1/6,115.75
2017/1/10,116.01
2017/1/11,115.96
2017/1/12,115.22
2017/1/13,115.03
2017/1/16,114.33
2017/1/17,114.16
2017/1/18,112.79
2017/1/19,114.88
2017/1/20,115.16
2017/1/23,113.96
2017/1/24,112.77
2017/1/25,113.74
2017/1/26,113.16
2017/1/27,114.63
2017/1/30,114.7
2017/1/31,113.81
2017/2/1,113.08
2017/2/2,113.07
2017/2/3,112.98
2017/2/6,112.47
2017/2/7,111.77
2017/2/8,112.46
2017/2/9,112.04
2017/2/10,113.74
2017/2/13,113.95
2017/2/14,113.7
2017/2/15,114.51
2017/2/16,114.09
2017/2/17,113.47
2017/2/20,112.87
2017/2/21,113.44
2017/2/22,113.64
2017/2/23,113.38
2017/2/24,112.88
2017/2/27,112.16
2017/2/28,112.44
2017/3/1,113.13
2017/3/2,113.99
2017/3/3,114.32
2017/3/6,113.81
2017/3/7,114.03
2017/3/8,113.89
2017/3/9,114.6
2017/3/10,115.23
2017/3/13,114.84
2017/3/14,114.85
2017/3/15,114.84
2017/3/16,113.28
2017/3/17,113.48
2017/3/21,112.4
2017/3/22,111.72
2017/3/23,111.5
2017/3/24,111.39
2017/3/27,110.45
2017/3/28,110.71
2017/3/29,111.05
2017/3/30,111.39
2017/3/31,112.2
2017/4/3,111.26
2017/4/4,110.59
2017/4/5,110.77
2017/4/6,110.57
2017/4/7,110.99
2017/4/10,111.47
2017/4/11,110.8
2017/4/12,109.58
2017/4/13,108.87
2017/4/14,109.25
2017/4/17,108.32
2017/4/18,109.19
2017/4/19,108.54
2017/4/20,109.05
2017/4/21,109.3
2017/4/24,109.92
2017/4/25,109.93
2017/4/26,111.38
2017/4/27,111.34
2017/4/28,111.29
2017/5/1,111.5
2017/5/2,111.98
2017/5/8,112.77
2017/5/9,113.3
2017/5/10,113.88
2017/5/11,114.24
2017/5/12,113.96
2017/5/15,113.43
2017/5/16,113.77
2017/5/17,112.64
2017/5/18,111.07
2017/5/19,111.35
2017/5/22,111.54
2017/5/23,111.13
2017/5/24,111.82
2017/5/25,111.65
2017/5/26,111.8
2017/5/29,111.34
2017/5/30,111.1
2017/5/31,110.96
2017/6/1,110.94
2017/6/2,111.65
2017/6/5,110.49
2017/6/6,110.2
2017/6/7,109.53
2017/6/8,109.99
2017/6/9,110.09
2017/6/12,110.24
2017/6/13,109.98
2017/6/14,110.07
2017/6/15,109.72
2017/6/16,111.08
2017/6/19,111.03
2017/6/20,111.75
2017/6/21,111.4
2017/6/22,111.14
2017/6/23,111.38
2017/6/26,111.3
2017/6/27,111.95
2017/6/28,112.08
2017/6/29,112.3
2017/6/30,112
2017/7/3,112.24
2017/7/4,113.21
2017/7/5,113.09
2017/7/6,113.04
2017/7/7,113.31
2017/7/10,114.14
2017/7/11,114.24
2017/7/12,113.72
2017/7/13,113.27
2017/7/14,113.53
2017/7/18,112.43
2017/7/19,111.99
2017/7/20,111.91
2017/7/21,112.04
2017/7/24,110.91
2017/7/25,111.35
2017/7/26,111.91
2017/7/27,110.9
2017/7/28,111.09
2017/7/31,110.36
2017/8/1,110.29
2017/8/2,110.45
2017/8/3,110.77
2017/8/4,110.04
2017/8/7,110.79
2017/8/8,110.77
2017/8/9,110.01
2017/8/10,110.2
2017/8/14,109.43
2017/8/15,110.21
2017/8/16,110.71
2017/8/17,110.01
2017/8/18,109.48
2017/8/21,109.37
2017/8/22,109.14
2017/8/23,109.74
2017/8/24,109.17
2017/8/25,109.82
2017/8/28,109.1
2017/8/29,108.82
2017/8/30,109.86
2017/8/31,110.42
2017/9/1,110.17
2017/9/4,109.83
2017/9/5,109.66
2017/9/6,108.64
2017/9/7,109.19
2017/9/8,108.42
2017/9/11,108.45
2017/9/12,109.52
2017/9/13,110.15
2017/9/14,110.66
2017/9/15,110.22
2017/9/19,111.44
2017/9/20,111.63
2017/9/21,112.5
2017/9/22,112.3
2017/9/25,112.53
2017/9/26,111.62
2017/9/27,112.38
2017/9/28,112.96
2017/9/29,112.74
2017/10/2,112.79
2017/10/3,112.98
2017/10/4,112.61
2017/10/5,112.82
2017/10/6,112.9
2017/10/10,112.79
2017/10/11,112.32
2017/10/12,112.46
2017/10/13,112.29
2017/10/16,112.08
2017/10/17,112.24
2017/10/18,112.24
2017/10/19,112.93
2017/10/20,112.78
2017/10/23,113.88
2017/10/24,113.37
2017/10/25,113.94
2017/10/26,113.55
2017/10/27,114.18
2017/10/30,113.75
2017/10/31,113.16
2017/11/1,113.86
2017/11/2,114.06
2017/11/6,114.38
2017/11/7,113.73
2017/11/8,113.76
2017/11/9,114.06
2017/11/10,113.39
2017/11/13,113.68
2017/11/14,113.66
2017/11/15,113.5
2017/11/16,113.02
2017/11/17,112.97
2017/11/20,112.19
2017/11/21,112.66
2017/11/22,112.38
2017/11/24,111.47
2017/11/27,111.62
2017/11/28,111
2017/11/29,111.62
2017/11/30,112.07
2017/12/1,112.49
2017/12/4,112.75
2017/12/5,112.47
2017/12/6,112.49
2017/12/7,112.51
2017/12/8,113.29
2017/12/11,113.65
2017/12/12,113.59
2017/12/13,113.47
2017/12/14,112.81
2017/12/15,112.4
2017/12/18,112.83
2017/12/19,112.65
2017/12/20,112.99
2017/12/21,113.28
2017/12/22,113.43
2017/12/25,113.32
2017/12/26,113.4
2017/12/27,113.41
2017/12/28,113.5
2017/12/29,113.05
2018/1/4,112.75
2018/1/5,112.84
2018/1/9,113.15
2018/1/10,112.45
2018/1/11,111.52
2018/1/12,111.23
2018/1/15,110.91
2018/1/16,110.86
2018/1/17,110.37
2018/1/18,111.28
2018/1/19,111.11
2018/1/22,110.77
2018/1/23,110.98
2018/1/24,110.26
2018/1/25,109.51
2018/1/26,109.79
2018/1/29,108.72
2018/1/30,109.02
2018/1/31,108.86
2018/2/1,109.22
2018/2/2,109.46
2018/2/5,109.9
2018/2/6,109.08
2018/2/7,109.44
2018/2/8,109.43
2018/2/9,108.88
2018/2/13,108.69
2018/2/14,107.86
2018/2/15,106.82
2018/2/16,106.29
2018/2/19,106.31
2018/2/20,106.8
2018/2/21,107.53
2018/2/22,107.54
2018/2/23,107.01
2018/2/26,106.98
2018/2/27,106.81
2018/2/28,107.38
2018/3/1,106.75
2018/3/2,106.28
2018/3/5,105.56
2018/3/6,106.28
2018/3/7,105.64
2018/3/8,106.14
2018/3/9,106.74
2018/3/12,106.97
2018/3/13,106.37
2018/3/14,106.7
2018/3/15,106.04
2018/3/16,106.33
2018/3/19,105.96
2018/3/20,106.14
2018/3/22,105.66
2018/3/23,104.94
2018/3/26,104.96
2018/3/27,105.65
2018/3/28,105.51
2018/3/29,106.84
2018/3/30,106.27
2018/4/2,106.32
2018/4/3,105.85
2018/4/4,106.52
2018/4/5,106.86
2018/4/6,107.22
2018/4/9,106.89
2018/4/10,106.76
2018/4/11,107.1
2018/4/12,106.91
2018/4/13,107.41
2018/4/16,107.51
2018/4/17,107.11
2018/4/18,107.21
2018/4/19,107.49
2018/4/20,107.53
2018/4/23,107.82
2018/4/24,108.77
2018/4/25,108.89
2018/4/26,109.37
2018/4/27,109.35
2018/5/1,109.36
2018/5/2,109.9
2018/5/7,108.98
2018/5/8,108.93
2018/5/9,109.32
2018/5/10,109.96
2018/5/11,109.47
2018/5/14,109.33
2018/5/15,109.74
2018/5/16,110.34
2018/5/17,110.36
2018/5/18,110.95
2018/5/21,111.09
2018/5/22,110.98
2018/5/23,110.88
2018/5/24,109.71
2018/5/25,109.58
2018/5/28,109.54
2018/5/29,109.21
2018/5/30,108.41
2018/5/31,108.71
2018/6/1,108.94
2018/6/4,109.7
2018/6/5,109.9
2018/6/6,109.83
2018/6/7,110.16
2018/6/8,109.87
2018/6/11,109.44
2018/6/12,110.32
2018/6/13,110.52
2018/6/14,110.33
2018/6/15,110.67
2018/6/18,110.55
2018/6/19,110.15
2018/6/20,110.03
2018/6/21,110.43
2018/6/22,110.08
2018/6/25,109.69
2018/6/26,109.56
2018/6/27,109.91
2018/6/28,110.01
2018/6/29,110.54
2018/7/2,110.88
2018/7/3,110.94
2018/7/4,110.35
2018/7/5,110.54
2018/7/6,110.73
2018/7/9,110.5
2018/7/10,111.06
2018/7/11,110.93
2018/7/12,112.2
2018/7/13,112.71
2018/7/17,112.46
2018/7/18,112.99
2018/7/19,112.76
2018/7/20,112.61
2018/7/23,110.95
2018/7/24,111.29
2018/7/25,111.31
2018/7/26,110.72
2018/7/27,111.18
2018/7/30,111.1
2018/7/31,111.01
2018/8/1,111.87
2018/8/2,111.73
2018/8/3,111.81
2018/8/6,111.27
2018/8/7,111.32
2018/8/8,111.45
2018/8/9,110.86
2018/8/10,110.93
2018/8/13,110.55
2018/8/14,110.8
2018/8/15,111.4
2018/8/16,110.63
2018/8/17,110.93
2018/8/20,110.55
2018/8/21,109.87
2018/8/22,110.19
2018/8/23,110.78
2018/8/24,111.48
2018/8/27,111.25
2018/8/28,111.23
2018/8/29,111.23
2018/8/30,111.79
2018/8/31,111.06
2018/9/3,110.99
2018/9/4,111.09
2018/9/5,111.52
2018/9/6,111.29
2018/9/7,110.49
2018/9/10,110.97
2018/9/11,111.46
2018/9/12,111.58
2018/9/13,111.43
2018/9/14,112.11
2018/9/18,111.79
2018/9/19,112.31
2018/9/20,112.38
2018/9/21,112.56
2018/9/25,113.01
2018/9/26,112.92
2018/9/27,112.89
2018/9/28,113.58
2018/10/1,113.86
2018/10/2,114.02
2018/10/3,113.63
2018/10/4,114.42
2018/10/5,114.14
2018/10/9,113.06
2018/10/10,113.05
2018/10/11,112.36
2018/10/12,112.22
2018/10/15,112
2018/10/16,111.88
2018/10/17,112.41
2018/10/18,112.74
2018/10/19,112.37
2018/10/22,112.49
2018/10/23,112.76
2018/10/24,112.45
2018/10/25,112.02
2018/10/26,112.44
2018/10/29,111.95
2018/10/30,112.53
2018/10/31,113.28
2018/11/1,112.8
2018/11/2,112.89
2018/11/5,113.24
2018/11/6,113.3
2018/11/7,113.15
2018/11/8,113.65
2018/11/9,114.05
2018/11/12,113.95
2018/11/13,113.66
2018/11/14,113.95
2018/11/15,113.67
2018/11/16,113.65
2018/11/19,112.76
2018/11/20,112.67
2018/11/21,112.91
2018/11/22,113.13
2018/11/26,113.05
2018/11/27,113.47
2018/11/28,113.78
2018/11/29,113.65
2018/11/30,113.49
2018/12/3,113.65
2018/12/4,113.61
2018/12/5,112.89
2018/12/6,113
2018/12/7,112.79
2018/12/10,112.6
2018/12/11,113.11
2018/12/12,113.54
2018/12/13,113.41
2018/12/14,113.63
2018/12/17,113.47
2018/12/18,112.74
2018/12/19,112.52
2018/12/20,112.63
2018/12/21,111.35
2018/12/25,110.06
2018/12/26,110.7
2018/12/27,111.13
2018/12/28,110.91
2019/1/4,107.73
2019/1/7,108.49
2019/1/8,108.8
2019/1/9,108.76
2019/1/10,108.2
2019/1/11,108.47